time,acceleration
0.0,-47237
0.05,-47304
0.1,-47367
0.15,-47430
0.2,-47499
0.25,-47572
0.3,-47653
0.35,-47747
0.4,-47844
0.45,-47941
0.5,-48049
0.55,-48170
0.6,-48293
0.65,-48419
0.7,-48543
0.75,-48668
0.8,-48796
0.85,-48921
0.9,-49047
0.95,-49174
1.0,-49297
1.05,-49411
1.1,-49529
1.15,-49655
1.2,-49779
1.25,-49889
1.3,-49994
1.35,-50096
1.4,-50193
1.45,-50288
1.5,-50361
1.55,-50431
1.6,-50510
1.65,-50580
1.7,-50638
1.75,-50683
1.8,-50721
1.85,-50752
1.9,-50781
1.95,-50801
2.0,-50809
2.05,-50810
2.1,-50804
2.15,-50794
2.2,-50780
2.25,-50752
2.3,-50713
2.35,-50669
2.4,-50631
2.45,-50590
2.5,-50536
2.55,-50476
2.6,-50413
2.65,-50344
2.7,-50266
2.75,-50184
2.8,-50105
2.85,-50019
2.9,-49924
2.95,-49826
3.0,-49734
3.05,-49640
3.1,-49540
3.15,-49435
3.2,-49333
3.25,-49232
3.3,-49137
3.35,-49041
3.4,-48942
3.45,-48848
3.5,-48747
3.55,-48652
3.6,-48565
3.65,-48486
3.7,-48410
3.75,-48332
3.8,-48263
3.85,-48192
3.9,-48127
3.95,-48068
4.0,-48016
4.05,-47962
4.1,-47905
4.15,-47860
4.2,-47821
4.25,-47785
4.3,-47753
4.35,-47731
4.4,-47710
4.45,-47685
4.5,-47668
4.55,-47655
4.6,-47647
4.65,-47642
4.7,-47641
4.75,-47647
4.8,-47655
4.85,-47658
4.9,-47663
4.95,-47675
5.0,-47694
5.05,-47713
5.1,-47731
5.15,-47755
5.2,-47778
5.25,-47799
5.3,-47827
5.35,-47854
5.4,-47880
5.45,-47907
5.5,-47941
5.55,-47979
5.6,-48014
5.65,-48057
5.7,-48105
5.75,-48150
5.8,-48200
5.85,-48251
5.9,-48303
5.95,-48355
6.0,-48407
6.05,-48466
6.1,-48526
6.15,-48578
6.2,-48629
6.25,-48689
6.3,-48750
6.35,-48808
6.4,-48861
6.45,-48909
6.5,-48962
6.55,-49017
6.6,-49066
6.65,-49112
6.7,-49152
6.75,-49184
6.8,-49212
6.85,-49241
6.9,-49272
6.95,-49301
7.0,-49326
7.05,-49351
7.1,-49367
7.15,-49382
7.2,-49399
7.25,-49413
7.3,-49430
7.35,-49445
7.4,-49462
7.45,-49472
7.5,-49480
7.55,-49494
7.6,-49513
7.65,-49534
7.7,-49548
7.75,-49552
7.8,-49555
7.85,-49567
7.9,-49584
7.95,-49593
8.0,-49598
8.05,-49613
8.1,-49622
8.15,-49622
8.2,-49626
8.25,-49633
8.3,-49634
8.35,-49626
8.4,-49618
8.45,-49615
8.5,-49604
8.55,-49590
8.6,-49579
8.65,-49568
8.7,-49557
8.75,-49541
8.8,-49523
8.85,-49504
8.9,-49490
8.95,-49481
9.0,-49465
9.05,-49443
9.1,-49416
9.15,-49400
9.2,-49396
9.25,-49385
9.3,-49366
9.35,-49343
9.4,-49325
9.45,-49311
9.5,-49298
9.55,-49285
9.6,-49268
9.65,-49243
9.7,-49214
9.75,-49197
9.8,-49183
9.85,-49163
9.9,-49140
9.95,-49116
10.0,-49093
10.05,-49073
10.1,-49056
10.15,-49048
10.2,-49041
10.25,-49039
10.3,-49040
10.35,-49028
10.4,-49014
10.45,-49005
10.5,-49000
10.55,-48997
10.6,-48994
10.65,-48993
10.7,-48995
10.75,-48994
10.8,-48990
10.85,-48986
10.9,-48982
10.95,-48981
11.0,-48973
11.05,-48956
11.1,-48943
11.15,-48925
11.2,-48904
11.25,-48882
11.3,-48860
11.35,-48837
11.4,-48805
11.45,-48776
11.5,-48747
11.55,-48716
11.6,-48688
11.65,-48658
11.7,-48630
11.75,-48597
11.8,-48555
11.85,-48514
11.9,-48478
11.95,-48445
12.0,-48411
12.05,-48375
12.1,-48335
12.15,-48294
12.2,-48260
12.25,-48225
12.3,-48186
12.35,-48148
12.4,-48109
12.45,-48069
12.5,-48039
12.55,-48012
12.6,-47980
12.65,-47952
12.7,-47935
12.75,-47924
12.8,-47906
12.85,-47891
12.9,-47884
12.95,-47876
13.0,-47875
13.05,-47883
13.1,-47894
13.15,-47906
13.2,-47920
13.25,-47933
13.3,-47947
13.35,-47972
13.4,-48005
13.45,-48050
13.5,-48094
13.55,-48131
13.6,-48173
13.65,-48219
13.7,-48267
13.75,-48321
13.8,-48371
13.85,-48419
13.9,-48479
13.95,-48535
14.0,-48583
14.05,-48634
14.1,-48686
14.15,-48737
14.2,-48787
14.25,-48833
14.3,-48871
14.35,-48910
14.4,-48952
14.45,-48986
14.5,-49019
14.55,-49047
14.6,-49074
14.65,-49100
14.7,-49121
14.75,-49149
14.8,-49176
14.85,-49195
14.9,-49213
14.95,-49235
15.0,-49261
15.05,-49283
15.1,-49302
15.15,-49328
15.2,-49352
15.25,-49376
15.3,-49406
15.35,-49433
15.4,-49462
15.45,-49493
15.5,-49522
15.55,-49548
15.6,-49566
15.65,-49589
15.7,-49620
15.75,-49660
15.8,-49690
15.85,-49702
15.9,-49711
15.95,-49720
16.0,-49731
16.05,-49742
16.1,-49751
16.15,-49754
16.2,-49752
16.25,-49748
16.3,-49742
16.35,-49734
16.4,-49725
16.45,-49716
16.5,-49708
16.55,-49694
16.6,-49680
16.65,-49666
16.7,-49652
16.75,-49639
16.8,-49623
16.85,-49602
16.9,-49579
16.95,-49561
17.0,-49546
17.05,-49539
17.1,-49532
17.15,-49514
17.2,-49501
17.25,-49493
17.3,-49490
17.35,-49483
17.4,-49470
17.45,-49459
17.5,-49450
17.55,-49447
17.6,-49443
17.65,-49434
17.7,-49432
17.75,-49432
17.8,-49418
17.85,-49397
17.9,-49382
17.95,-49375
18.0,-49363
18.05,-49347
18.1,-49328
18.15,-49302
18.2,-49275
18.25,-49242
18.3,-49203
18.35,-49168
18.4,-49129
18.45,-49083
18.5,-49036
18.55,-48987
18.6,-48933
18.65,-48877
18.7,-48816
18.75,-48746
18.8,-48669
18.85,-48587
18.9,-48500
18.95,-48409
19.0,-48313
19.05,-48210
19.1,-48103
19.15,-47998
19.2,-47892
19.25,-47789
19.3,-47688
19.35,-47582
19.4,-47473
19.45,-47368
19.5,-47266
19.55,-47175
19.6,-47088
19.65,-47000
19.7,-46916
19.75,-46841
19.8,-46773
19.85,-46713
19.9,-46666
19.95,-46628
20.0,-46591
20.05,-46566
20.1,-46550
20.15,-46535
20.2,-46532
20.25,-46547
20.3,-46569
20.35,-46598
20.4,-46633
20.45,-46678
20.5,-46734
20.55,-46800
20.6,-46879
20.65,-46971
20.7,-47070
20.75,-47174
20.8,-47282
20.85,-47397
20.9,-47528
20.95,-47666
21.0,-47807
21.05,-47954
21.1,-48107
21.15,-48268
21.2,-48438
21.25,-48611
21.3,-48788
21.35,-48962
21.4,-49133
21.45,-49313
21.5,-49499
21.55,-49683
21.6,-49866
21.65,-50046
21.7,-50220
21.75,-50400
21.8,-50580
21.85,-50746
21.9,-50906
21.95,-51062
22.0,-51208
22.05,-51345
22.1,-51478
22.15,-51602
22.2,-51715
22.25,-51816
22.3,-51901
22.35,-51983
22.4,-52051
22.45,-52104
22.5,-52152
22.55,-52189
22.6,-52206
22.65,-52203
22.7,-52188
22.75,-52160
22.8,-52122
22.85,-52067
22.9,-51998
22.95,-51918
23.0,-51828
23.05,-51726
23.1,-51612
23.15,-51489
23.2,-51353
23.25,-51211
23.3,-51069
23.35,-50915
23.4,-50751
23.45,-50584
23.5,-50414
23.55,-50242
23.6,-50069
23.65,-49887
23.7,-49710
23.75,-49536
23.8,-49363
23.85,-49186
23.9,-49003
23.95,-48825
24.0,-48646
24.05,-48475
24.1,-48311
24.15,-48151
24.2,-48003
24.25,-47853
24.3,-47703
24.35,-47560
24.4,-47424
24.45,-47296
24.5,-47177
24.55,-47065
24.6,-46955
24.65,-46853
24.7,-46761
24.75,-46677
24.8,-46599
24.85,-46535
24.9,-46485
24.95,-46437
25.0,-46397
25.05,-46366
25.1,-46344
25.15,-46328
25.2,-46321
25.25,-46320
25.3,-46328
25.35,-46347
25.4,-46372
25.45,-46404
25.5,-46445
25.55,-46496
25.6,-46551
25.65,-46612
25.7,-46677
25.75,-46756
25.8,-46848
25.85,-46934
25.9,-47023
25.95,-47120
26.0,-47227
26.05,-47339
26.1,-47447
26.15,-47561
26.2,-47687
26.25,-47814
26.3,-47938
26.35,-48067
26.4,-48197
26.45,-48323
26.5,-48438
26.55,-48553
26.6,-48674
26.65,-48792
26.7,-48905
26.75,-49011
26.8,-49115
26.85,-49217
26.9,-49308
26.95,-49397
27.0,-49483
27.05,-49562
27.1,-49635
27.15,-49704
27.2,-49769
27.25,-49832
27.3,-49896
27.35,-49954
27.4,-50001
27.45,-50038
27.5,-50071
27.55,-50110
27.6,-50149
27.65,-50176
27.7,-50194
27.75,-50208
27.8,-50216
27.85,-50227
27.9,-50240
27.95,-50244
28.0,-50243
28.05,-50236
28.1,-50231
28.15,-50229
28.2,-50215
28.25,-50201
28.3,-50186
28.35,-50166
28.4,-50148
28.45,-50123
28.5,-50089
28.55,-50049
28.6,-50015
28.65,-49993
28.7,-49958
28.75,-49912
28.8,-49874
28.85,-49842
28.9,-49808
28.95,-49774
29.0,-49745
29.05,-49710
29.1,-49673
29.15,-49640
29.2,-49605
29.25,-49575
29.3,-49555
29.35,-49536
29.4,-49513
29.45,-49493
29.5,-49478
29.55,-49469
29.6,-49463
29.65,-49452
29.7,-49433
29.75,-49418
29.8,-49413
29.85,-49400
29.9,-49387
29.95,-49376
30.0,-49361
30.05,-49348
30.1,-49321
30.15,-49300
30.2,-49285
30.25,-49259
30.3,-49223
30.35,-49187
30.4,-49150
30.45,-49103
30.5,-49057
30.55,-49012
30.6,-48956
30.65,-48897
30.7,-48833
30.75,-48759
30.8,-48683
30.85,-48610
30.9,-48550
30.95,-48487
31.0,-48414
31.05,-48337
31.1,-48263
31.15,-48193
31.2,-48114
31.25,-48040
31.3,-47980
31.35,-47917
31.4,-47853
31.45,-47790
31.5,-47732
31.55,-47685
31.6,-47642
31.65,-47594
31.7,-47543
31.75,-47495
31.8,-47449
31.85,-47409
31.9,-47378
31.95,-47348
32.0,-47314
32.05,-47280
32.1,-47250
32.15,-47226
32.2,-47211
32.25,-47198
32.3,-47181
32.35,-47175
32.4,-47173
32.45,-47168
32.5,-47169
32.55,-47173
32.6,-47186
32.65,-47208
32.7,-47230
32.75,-47249
32.8,-47275
32.85,-47315
32.9,-47358
32.95,-47395
33.0,-47440
33.05,-47500
33.1,-47562
33.15,-47625
33.2,-47682
33.25,-47740
33.3,-47815
33.35,-47899
33.4,-47985
33.45,-48075
33.5,-48165
33.55,-48255
33.6,-48347
33.65,-48455
33.7,-48569
33.75,-48674
33.8,-48786
33.85,-48900
33.9,-49011
33.95,-49131
34.0,-49255
34.05,-49386
34.1,-49514
34.15,-49630
34.2,-49749
34.25,-49868
34.3,-49988
34.35,-50101
34.4,-50210
34.45,-50325
34.5,-50430
34.55,-50528
34.6,-50621
34.65,-50713
34.7,-50808
34.75,-50895
34.8,-50973
34.85,-51037
34.9,-51097
34.95,-51148
35.0,-51194
35.05,-51238
35.1,-51267
35.15,-51289
35.2,-51304
35.25,-51311
35.3,-51312
35.35,-51310
35.4,-51306
35.45,-51283
35.5,-51243
35.55,-51200
35.6,-51160
35.65,-51114
35.7,-51052
35.75,-50966
35.8,-50877
35.85,-50797
35.9,-50714
35.95,-50617
36.0,-50499
36.05,-50384
36.1,-50272
36.15,-50152
36.2,-50032
36.25,-49901
36.3,-49765
36.35,-49635
36.4,-49504
36.45,-49358
36.5,-49214
36.55,-49070
36.6,-48918
36.65,-48770
36.7,-48624
36.75,-48478
36.8,-48333
36.85,-48191
36.9,-48055
36.95,-47920
37.0,-47793
37.05,-47669
37.1,-47545
37.15,-47437
37.2,-47329
37.25,-47223
37.3,-47129
37.35,-47044
37.4,-46965
37.45,-46880
37.5,-46806
37.55,-46750
37.6,-46699
37.65,-46652
37.7,-46606
37.75,-46564
37.8,-46529
37.85,-46501
37.9,-46477
37.95,-46463
38.0,-46453
38.05,-46454
38.1,-46463
38.15,-46469
38.2,-46489
38.25,-46525
38.3,-46568
38.35,-46616
38.4,-46667
38.45,-46719
38.5,-46782
38.55,-46861
38.6,-46941
38.65,-47025
38.7,-47116
38.75,-47217
38.8,-47325
38.85,-47432
38.9,-47541
38.95,-47649
39.0,-47759
39.05,-47877
39.1,-48005
39.15,-48131
39.2,-48254
39.25,-48377
39.3,-48498
39.35,-48624
39.4,-48750
39.45,-48880
39.5,-49001
39.55,-49111
39.6,-49230
39.65,-49357
39.7,-49480
39.75,-49595
39.8,-49705
39.85,-49819
39.9,-49940
39.95,-50053
40.0,-50158
40.05,-50258
40.1,-50356
40.15,-50457
40.2,-50546
40.25,-50635
40.3,-50718
40.35,-50788
40.4,-50858
40.45,-50925
40.5,-50984
40.55,-51038
40.6,-51092
40.65,-51132
40.7,-51161
40.75,-51195
40.8,-51223
40.85,-51236
40.9,-51238
40.95,-51240
41.0,-51238
41.05,-51223
41.1,-51202
41.15,-51180
41.2,-51156
41.25,-51121
41.3,-51071
41.35,-51019
41.4,-50967
41.45,-50904
41.5,-50827
41.55,-50747
41.6,-50663
41.65,-50573
41.7,-50478
41.75,-50377
41.8,-50281
41.85,-50178
41.9,-50062
41.95,-49949
42.0,-49839
42.05,-49728
42.1,-49607
42.15,-49487
42.2,-49377
42.25,-49266
42.3,-49142
42.35,-49017
42.4,-48911
42.45,-48806
42.5,-48701
42.55,-48594
42.6,-48484
42.65,-48383
42.7,-48292
42.75,-48196
42.8,-48098
42.85,-48013
42.9,-47926
42.95,-47849
43.0,-47782
43.05,-47709
43.1,-47642
43.15,-47584
43.2,-47530
43.25,-47470
43.3,-47415
43.35,-47365
43.4,-47326
43.45,-47292
43.5,-47254
43.55,-47223
43.6,-47193
43.65,-47176
43.7,-47156
43.75,-47134
43.8,-47123
43.85,-47109
43.9,-47094
43.95,-47089
44.0,-47095
44.05,-47104
44.1,-47113
44.15,-47124
44.2,-47137
44.25,-47156
44.3,-47179
44.35,-47207
44.4,-47245
44.45,-47276
44.5,-47310
44.55,-47353
44.6,-47394
44.65,-47443
44.7,-47498
44.75,-47554
44.8,-47620
44.85,-47685
44.9,-47750
44.95,-47811
45.0,-47872
45.05,-47940
45.1,-48011
45.15,-48080
45.2,-48147
45.25,-48214
45.3,-48286
45.35,-48356
45.4,-48424
45.45,-48495
45.5,-48568
45.55,-48638
45.6,-48702
45.65,-48773
45.7,-48851
45.75,-48925
45.8,-48989
45.85,-49040
45.9,-49095
45.95,-49158
46.0,-49223
46.05,-49280
46.1,-49336
46.15,-49395
46.2,-49449
46.25,-49507
46.3,-49557
46.35,-49591
46.4,-49619
46.45,-49651
46.5,-49692
46.55,-49729
46.6,-49761
46.65,-49788
46.7,-49813
46.75,-49839
46.8,-49858
46.85,-49875
46.9,-49893
46.95,-49909
47.0,-49921
47.05,-49937
47.1,-49951
47.15,-49955
47.2,-49961
47.25,-49970
47.3,-49976
47.35,-49983
47.4,-49984
47.45,-49975
47.5,-49973
47.55,-49973
47.6,-49973
47.65,-49974
47.7,-49964
47.75,-49949
47.8,-49946
47.85,-49941
47.9,-49928
47.95,-49918
48.0,-49906
48.05,-49891
48.1,-49881
48.15,-49872
48.2,-49861
48.25,-49853
48.3,-49845
48.35,-49830
48.4,-49820
48.45,-49819
48.5,-49809
48.55,-49794
48.6,-49788
48.65,-49789
48.7,-49786
48.75,-49781
48.8,-49774
48.85,-49768
48.9,-49761
48.95,-49756
49.0,-49746
49.05,-49725
49.1,-49703
49.15,-49684
49.2,-49669
49.25,-49653
49.3,-49629
49.35,-49601
49.4,-49566
49.45,-49527
49.5,-49491
49.55,-49454
49.6,-49412
49.65,-49368
49.7,-49318
49.75,-49265
49.8,-49212
49.85,-49160
49.9,-49102
49.95,-49038
50.0,-48968
50.05,-48885
50.1,-48803
50.15,-48727
50.2,-48655
50.25,-48573
50.3,-48486
50.35,-48400
50.4,-48309
50.45,-48218
50.5,-48129
50.55,-48047
50.6,-47965
50.65,-47869
50.7,-47768
50.75,-47674
50.8,-47588
50.85,-47504
50.9,-47424
50.95,-47344
51.0,-47261
51.05,-47181
51.1,-47103
51.15,-47030
51.2,-46965
51.25,-46903
51.3,-46844
51.35,-46791
51.4,-46746
51.45,-46704
51.5,-46671
51.55,-46648
51.6,-46627
51.65,-46614
51.7,-46607
51.75,-46611
51.8,-46619
51.85,-46630
51.9,-46648
51.95,-46671
52.0,-46704
52.05,-46748
52.1,-46792
52.15,-46834
52.2,-46884
52.25,-46942
52.3,-47015
52.35,-47089
52.4,-47159
52.45,-47231
52.5,-47309
52.55,-47396
52.6,-47482
52.65,-47581
52.7,-47682
52.75,-47778
52.8,-47882
52.85,-47993
52.9,-48111
52.95,-48229
53.0,-48347
53.05,-48464
53.1,-48587
53.15,-48714
53.2,-48842
53.25,-48978
53.3,-49114
53.35,-49241
53.4,-49368
53.45,-49500
53.5,-49631
53.55,-49752
53.6,-49870
53.65,-49997
53.7,-50121
53.75,-50239
53.8,-50357
53.85,-50460
53.9,-50560
53.95,-50658
54.0,-50755
54.05,-50849
54.1,-50933
54.15,-51015
54.2,-51091
54.25,-51164
54.3,-51233
54.35,-51292
54.4,-51351
54.45,-51402
54.5,-51447
54.55,-51481
54.6,-51506
54.65,-51533
54.7,-51551
54.75,-51558
54.8,-51556
54.85,-51545
54.9,-51528
54.95,-51507
55.0,-51481
55.05,-51448
55.1,-51396
55.15,-51330
55.2,-51275
55.25,-51219
55.3,-51150
55.35,-51069
55.4,-50972
55.45,-50868
55.5,-50757
55.55,-50642
55.6,-50519
55.65,-50384
55.7,-50252
55.75,-50116
55.8,-49974
55.85,-49826
55.9,-49666
55.95,-49513
56.0,-49360
56.05,-49205
56.1,-49044
56.15,-48871
56.2,-48709
56.25,-48547
56.3,-48388
56.35,-48239
56.4,-48088
56.45,-47934
56.5,-47777
56.55,-47627
56.6,-47492
56.65,-47371
56.7,-47256
56.75,-47139
56.8,-47027
56.85,-46927
56.9,-46842
56.95,-46762
57.0,-46690
57.05,-46630
57.1,-46578
57.15,-46537
57.2,-46499
57.25,-46473
57.3,-46464
57.35,-46459
57.4,-46465
57.45,-46474
57.5,-46489
57.55,-46522
57.6,-46554
57.65,-46586
57.7,-46626
57.75,-46668
57.8,-46726
57.85,-46796
57.9,-46862
57.95,-46933
58.0,-47010
58.05,-47095
58.1,-47188
58.15,-47282
58.2,-47380
58.25,-47485
58.3,-47590
58.35,-47696
58.4,-47802
58.45,-47921
58.5,-48048
58.55,-48168
58.6,-48299
58.65,-48425
58.7,-48554
58.75,-48691
58.8,-48818
58.85,-48950
58.9,-49081
58.95,-49215
59.0,-49349
59.05,-49475
59.1,-49598
59.15,-49722
59.2,-49848
59.25,-49966
59.3,-50072
59.35,-50186
59.4,-50303
59.45,-50404
59.5,-50494
59.55,-50576
59.6,-50654
59.65,-50731
59.7,-50800
59.75,-50855
59.8,-50903
59.85,-50950
59.9,-50995
59.95,-51030
60.0,-51052
60.05,-51062
60.1,-51068
60.15,-51071
60.2,-51065
60.25,-51042
60.3,-51016
60.35,-50986
60.4,-50941
60.45,-50898
60.5,-50849
60.55,-50784
60.6,-50720
60.65,-50650
60.7,-50566
60.75,-50476
60.8,-50386
60.85,-50291
60.9,-50182
60.95,-50065
61.0,-49950
61.05,-49833
61.1,-49709
61.15,-49574
61.2,-49430
61.25,-49287
61.3,-49146
61.35,-49004
61.4,-48854
61.45,-48699
61.5,-48549
61.55,-48407
61.6,-48276
61.65,-48143
61.7,-48009
61.75,-47879
61.8,-47754
61.85,-47643
61.9,-47543
61.95,-47452
62.0,-47370
62.05,-47295
62.1,-47231
62.15,-47177
62.2,-47122
62.25,-47070
62.3,-47035
62.35,-47013
62.4,-47001
62.45,-46997
62.5,-46997
62.55,-47011
62.6,-47037
62.65,-47070
62.7,-47106
62.75,-47150
62.8,-47208
62.85,-47263
62.9,-47322
62.95,-47397
63.0,-47475
63.05,-47557
63.1,-47638
63.15,-47722
63.2,-47808
63.25,-47891
63.3,-47971
63.35,-48048
63.4,-48126
63.45,-48211
63.5,-48293
63.55,-48380
63.6,-48471
63.65,-48547
63.7,-48613
63.75,-48683
63.8,-48754
63.85,-48827
63.9,-48893
63.95,-48952
64.0,-49008
64.05,-49065
64.1,-49125
64.15,-49174
64.2,-49219
64.25,-49261
64.3,-49292
64.35,-49319
64.4,-49347
64.45,-49377
64.5,-49396
64.55,-49411
64.6,-49428
64.65,-49442
64.7,-49456
64.75,-49463
64.8,-49470
64.85,-49469
64.9,-49465
64.95,-49464
65.0,-49459
65.05,-49461
65.1,-49455
65.15,-49452
65.2,-49455
65.25,-49455
65.3,-49464
65.35,-49459
65.4,-49453
65.45,-49458
65.5,-49456
65.55,-49450
65.6,-49450
65.65,-49456
65.7,-49465
65.75,-49474
65.8,-49481
65.85,-49489
65.9,-49502
65.95,-49514
66.0,-49522
66.05,-49534
66.1,-49550
66.15,-49567
66.2,-49582
66.25,-49599
66.3,-49613
66.35,-49620
66.4,-49628
66.45,-49633
66.5,-49635
66.55,-49639
66.6,-49639
66.65,-49638
66.7,-49632
66.75,-49615
66.8,-49592
66.85,-49578
66.9,-49555
66.95,-49527
67.0,-49506
67.05,-49476
67.1,-49442
67.15,-49394
67.2,-49345
67.25,-49308
67.3,-49270
67.35,-49222
67.4,-49167
67.45,-49115
67.5,-49068
67.55,-49018
67.6,-48967
67.65,-48915
67.7,-48858
67.75,-48803
67.8,-48746
67.85,-48685
67.9,-48629
67.95,-48574
68.0,-48513
68.05,-48448
68.1,-48384
68.15,-48329
68.2,-48273
68.25,-48216
68.3,-48158
68.35,-48100
68.4,-48045
68.45,-47989
68.5,-47932
68.55,-47881
68.6,-47833
68.65,-47782
68.7,-47733
68.75,-47695
68.8,-47657
68.85,-47621
68.9,-47589
68.95,-47558
69.0,-47538
69.05,-47521
69.1,-47500
69.15,-47482
69.2,-47476
69.25,-47486
69.3,-47493
69.35,-47502
69.4,-47513
69.45,-47527
69.5,-47549
69.55,-47575
69.6,-47616
69.65,-47651
69.7,-47683
69.75,-47728
69.8,-47779
69.85,-47837
69.9,-47889
69.95,-47952
70.0,-48025
70.05,-48104
70.1,-48193
70.15,-48268
70.2,-48347
70.25,-48432
70.3,-48521
70.35,-48613
70.4,-48698
70.45,-48795
70.5,-48898
70.55,-48990
70.6,-49079
70.65,-49170
70.7,-49257
70.75,-49332
70.8,-49402
70.85,-49474
70.9,-49545
70.95,-49610
71.0,-49673
71.05,-49733
71.1,-49789
71.15,-49840
71.2,-49881
71.25,-49919
71.3,-49957
71.35,-49992
71.4,-50019
71.45,-50043
71.5,-50056
71.55,-50063
71.6,-50071
71.65,-50071
71.7,-50065
71.75,-50052
71.8,-50038
71.85,-50026
71.9,-50005
71.95,-49983
72.0,-49962
72.05,-49938
72.1,-49908
72.15,-49869
72.2,-49839
72.25,-49815
72.3,-49792
72.35,-49767
72.4,-49738
72.45,-49705
72.5,-49669
72.55,-49641
72.6,-49616
72.65,-49586
72.7,-49563
72.75,-49545
72.8,-49521
72.85,-49497
72.9,-49475
72.95,-49454
73.0,-49439
73.05,-49421
73.1,-49402
73.15,-49386
73.2,-49372
73.25,-49358
73.3,-49340
73.35,-49330
73.4,-49325
73.45,-49317
73.5,-49309
73.55,-49298
73.6,-49291
73.65,-49292
73.7,-49289
73.75,-49281
73.8,-49270
73.85,-49260
73.9,-49256
73.95,-49248
74.0,-49240
74.05,-49226
74.1,-49207
74.15,-49193
74.2,-49179
74.25,-49162
74.3,-49137
74.35,-49114
74.4,-49092
74.45,-49061
74.5,-49027
74.55,-48991
74.6,-48963
74.65,-48938
74.7,-48904
74.75,-48873
74.8,-48834
74.85,-48793
74.9,-48766
74.95,-48733
75.0,-48692
75.05,-48653
75.1,-48613
75.15,-48572
75.2,-48531
75.25,-48490
75.3,-48447
75.35,-48403
75.4,-48359
75.45,-48314
75.5,-48270
75.55,-48232
75.6,-48194
75.65,-48139
75.7,-48090
75.75,-48053
75.8,-48009
75.85,-47971
75.9,-47934
75.95,-47892
76.0,-47855
76.05,-47821
76.1,-47795
76.15,-47772
76.2,-47753
76.25,-47738
76.3,-47725
76.35,-47718
76.4,-47713
76.45,-47713
76.5,-47711
76.55,-47708
76.6,-47724
76.65,-47745
76.7,-47763
76.75,-47783
76.8,-47799
76.85,-47819
76.9,-47838
76.95,-47862
77.0,-47900
77.05,-47934
77.1,-47967
77.15,-48001
77.2,-48036
77.25,-48079
77.3,-48122
77.35,-48171
77.4,-48222
77.45,-48274
77.5,-48320
77.55,-48364
77.6,-48415
77.65,-48463
77.7,-48516
77.75,-48567
77.8,-48613
77.85,-48667
77.9,-48717
77.95,-48767
78.0,-48816
78.05,-48859
78.1,-48907
78.15,-48957
78.2,-49009
78.25,-49058
78.3,-49109
78.35,-49158
78.4,-49196
78.45,-49240
78.5,-49289
78.55,-49332
78.6,-49371
78.65,-49416
78.7,-49465
78.75,-49505
78.8,-49543
78.85,-49582
78.9,-49621
78.95,-49659
79.0,-49693
79.05,-49726
79.1,-49755
79.15,-49777
79.2,-49799
79.25,-49819
79.3,-49836
79.35,-49859
79.4,-49881
79.45,-49897
79.5,-49904
79.55,-49912
79.6,-49922
79.65,-49929
79.7,-49938
79.75,-49946
79.8,-49949
79.85,-49941
79.9,-49933
79.95,-49931
80.0,-49925
80.05,-49911
80.1,-49891
80.15,-49874
80.2,-49868
80.25,-49861
80.3,-49844
80.35,-49822
80.4,-49789
80.45,-49756
80.5,-49730
80.55,-49703
80.6,-49669
80.65,-49633
80.7,-49587
80.75,-49537
80.8,-49494
80.85,-49448
80.9,-49402
80.95,-49355
81.0,-49296
81.05,-49231
81.1,-49166
81.15,-49100
81.2,-49031
81.25,-48957
81.3,-48884
81.35,-48811
81.4,-48732
81.45,-48653
81.5,-48571
81.55,-48488
81.6,-48415
81.65,-48333
81.7,-48245
81.75,-48161
81.8,-48082
81.85,-48008
81.9,-47931
81.95,-47849
82.0,-47775
82.05,-47708
82.1,-47649
82.15,-47591
82.2,-47531
82.25,-47469
82.3,-47418
82.35,-47379
82.4,-47339
82.45,-47304
82.5,-47276
82.55,-47246
82.6,-47227
82.65,-47218
82.7,-47218
82.75,-47221
82.8,-47222
82.85,-47239
82.9,-47256
82.95,-47267
83.0,-47292
83.05,-47326
83.1,-47366
83.15,-47409
83.2,-47454
83.25,-47505
83.3,-47564
83.35,-47633
83.4,-47716
83.45,-47800
83.5,-47872
83.55,-47953
83.6,-48049
83.65,-48147
83.7,-48250
83.75,-48360
83.8,-48473
83.85,-48585
83.9,-48697
83.95,-48808
84.0,-48917
84.05,-49033
84.1,-49156
84.15,-49279
84.2,-49395
84.25,-49505
84.3,-49617
84.35,-49740
84.4,-49863
84.45,-49975
84.5,-50082
84.55,-50185
84.6,-50293
84.65,-50397
84.7,-50485
84.75,-50571
84.8,-50660
84.85,-50744
84.9,-50818
84.95,-50886
85.0,-50953
85.05,-51020
85.1,-51073
85.15,-51114
85.2,-51146
85.25,-51169
85.3,-51191
85.35,-51196
85.4,-51184
85.45,-51173
85.5,-51153
85.55,-51120
85.6,-51082
85.65,-51028
85.7,-50960
85.75,-50888
85.8,-50812
85.85,-50725
85.9,-50617
85.95,-50504
86.0,-50389
86.05,-50270
86.1,-50144
86.15,-50007
86.2,-49871
86.25,-49728
86.3,-49575
86.35,-49419
86.4,-49261
86.45,-49110
86.5,-48954
86.55,-48799
86.6,-48647
86.65,-48495
86.7,-48345
86.75,-48189
86.8,-48042
86.85,-47906
86.9,-47771
86.95,-47638
87.0,-47518
87.05,-47401
87.1,-47284
87.15,-47182
87.2,-47085
87.25,-46991
87.3,-46916
87.35,-46853
87.4,-46794
87.45,-46743
87.5,-46705
87.55,-46671
87.6,-46643
87.65,-46625
87.7,-46611
87.75,-46607
87.8,-46615
87.85,-46630
87.9,-46656
87.95,-46687
88.0,-46716
88.05,-46747
88.1,-46784
88.15,-46825
88.2,-46873
88.25,-46931
88.3,-46996
88.35,-47061
88.4,-47134
88.45,-47200
88.5,-47260
88.55,-47330
88.6,-47412
88.65,-47497
88.7,-47577
88.75,-47658
88.8,-47747
88.85,-47836
88.9,-47929
88.95,-48025
89.0,-48117
89.05,-48223
89.1,-48334
89.15,-48430
89.2,-48526
89.25,-48626
89.3,-48739
89.35,-48849
89.4,-48947
89.45,-49051
89.5,-49160
89.55,-49261
89.6,-49356
89.65,-49459
89.7,-49561
89.75,-49655
89.8,-49748
89.85,-49839
89.9,-49923
89.95,-50003
90.0,-50084
90.05,-50158
90.1,-50225
90.15,-50285
90.2,-50340
90.25,-50403
90.3,-50468
90.35,-50513
90.4,-50547
90.45,-50587
90.5,-50622
90.55,-50653
90.6,-50685
90.65,-50705
90.7,-50725
90.75,-50747
90.8,-50755
90.85,-50758
90.9,-50758
90.95,-50754
91.0,-50752
91.05,-50750
91.1,-50740
91.15,-50719
91.2,-50692
91.25,-50665
91.3,-50640
91.35,-50620
91.4,-50589
91.45,-50541
91.5,-50500
91.55,-50455
91.6,-50400
91.65,-50353
91.7,-50300
91.75,-50249
91.8,-50200
91.85,-50142
91.9,-50087
91.95,-50034
92.0,-49980
92.05,-49922
92.1,-49860
92.15,-49793
92.2,-49725
92.25,-49661
92.3,-49604
92.35,-49547
92.4,-49485
92.45,-49418
92.5,-49347
92.55,-49274
92.6,-49208
92.65,-49142
92.7,-49073
92.75,-48999
92.8,-48917
92.85,-48845
92.9,-48783
92.95,-48717
93.0,-48651
93.05,-48587
93.1,-48523
93.15,-48459
93.2,-48396
93.25,-48331
93.3,-48259
93.35,-48194
93.4,-48138
93.45,-48075
93.5,-48011
93.55,-47944
93.6,-47878
93.65,-47815
93.7,-47746
93.75,-47680
93.8,-47621
93.85,-47565
93.9,-47505
93.95,-47446
94.0,-47395
94.05,-47344
94.1,-47297
94.15,-47255
94.2,-47218
94.25,-47180
94.3,-47141
94.35,-47111
94.4,-47088
94.45,-47072
94.5,-47056
94.55,-47048
94.6,-47046
94.65,-47044
94.7,-47045
94.75,-47050
94.8,-47059
94.85,-47064
94.9,-47079
94.95,-47113
95.0,-47148
95.05,-47182
95.1,-47219
95.15,-47253
95.2,-47296
95.25,-47344
95.3,-47390
95.35,-47436
95.4,-47482
95.45,-47546
95.5,-47609
95.55,-47662
95.6,-47713
95.65,-47765
95.7,-47824
95.75,-47884
95.8,-47944
95.85,-48007
95.9,-48066
95.95,-48122
96.0,-48183
96.05,-48244
96.1,-48299
96.15,-48356
96.2,-48423
96.25,-48494
96.3,-48562
96.35,-48626
96.4,-48691
96.45,-48755
96.5,-48818
96.55,-48885
96.6,-48954
96.65,-49030
96.7,-49100
96.75,-49165
96.8,-49238
96.85,-49303
96.9,-49370
96.95,-49452
97.0,-49528
97.05,-49605
97.1,-49683
97.15,-49762
97.2,-49846
97.25,-49930
97.3,-50020
97.35,-50107
97.4,-50194
97.45,-50283
97.5,-50372
97.55,-50463
97.6,-50548
97.65,-50629
97.7,-50710
97.75,-50793
97.8,-50867
97.85,-50938
97.9,-51015
97.95,-51088
98.0,-51155
98.05,-51222
98.1,-51277
98.15,-51320
98.2,-51368
98.25,-51406
98.3,-51437
98.35,-51467
98.4,-51484
98.45,-51491
98.5,-51495
98.55,-51492
98.6,-51474
98.65,-51449
98.7,-51417
98.75,-51370
98.8,-51319
98.85,-51260
98.9,-51186
98.95,-51110
99.0,-51033
99.05,-50942
99.1,-50839
99.15,-50728
99.2,-50603
99.25,-50472
99.3,-50337
99.35,-50196
99.4,-50052
99.45,-49901
99.5,-49741
99.55,-49574
99.6,-49405
99.65,-49231
99.7,-49062
99.75,-48894
99.8,-48712
99.85,-48536
99.9,-48364
99.95,-48189
100.0,-48022
100.05,-47866
100.1,-47713
100.15,-47550
100.2,-47400
100.25,-47265
100.3,-47124
100.35,-46996
100.4,-46878
100.45,-46761
100.5,-46661
100.55,-46570
100.6,-46468
100.65,-46382
100.7,-46312
100.75,-46239
100.8,-46182
100.85,-46136
100.9,-46085
100.95,-46054
101.0,-46035
101.05,-46025
101.1,-46025
101.15,-46030
101.2,-46038
101.25,-46049
101.3,-46077
101.35,-46108
101.4,-46144
101.45,-46198
101.5,-46260
101.55,-46334
101.6,-46417
101.65,-46498
101.7,-46589
101.75,-46694
101.8,-46801
101.85,-46900
101.9,-47004
101.95,-47121
102.0,-47241
102.05,-47365
102.1,-47489
102.15,-47610
102.2,-47739
102.25,-47865
102.3,-47985
102.35,-48105
102.4,-48223
102.45,-48343
102.5,-48461
102.55,-48571
102.6,-48676
102.65,-48787
102.7,-48893
102.75,-48987
102.8,-49077
102.85,-49169
102.9,-49262
102.95,-49344
103.0,-49423
103.05,-49501
103.1,-49569
103.15,-49628
103.2,-49683
103.25,-49740
103.3,-49802
103.35,-49860
103.4,-49899
103.45,-49939
103.5,-49992
103.55,-50031
103.6,-50064
103.65,-50102
103.7,-50138
103.75,-50170
103.8,-50198
103.85,-50218
103.9,-50237
103.95,-50268
104.0,-50293
104.05,-50311
104.1,-50332
104.15,-50341
104.2,-50348
104.25,-50365
104.3,-50376
104.35,-50382
104.4,-50387
104.45,-50386
104.5,-50381
104.55,-50375
104.6,-50372
104.65,-50372
104.7,-50369
104.75,-50357
104.8,-50340
104.85,-50333
104.9,-50326
104.95,-50304
105.0,-50287
105.05,-50269
105.1,-50238
105.15,-50210
105.2,-50184
105.25,-50157
105.3,-50132
105.35,-50104
105.4,-50069
105.45,-50027
105.5,-49986
105.55,-49946
105.6,-49903
105.65,-49858
105.7,-49811
105.75,-49760
105.8,-49704
105.85,-49640
105.9,-49573
105.95,-49509
106.0,-49444
106.05,-49377
106.1,-49320
106.15,-49264
106.2,-49189
106.25,-49116
106.3,-49043
106.35,-48969
106.4,-48913
106.45,-48856
106.5,-48785
106.55,-48709
106.6,-48637
106.65,-48568
106.7,-48511
106.75,-48462
106.8,-48401
106.85,-48347
106.9,-48300
106.95,-48252
107.0,-48210
107.05,-48173
107.1,-48137
107.15,-48102
107.2,-48071
107.25,-48033
107.3,-48002
107.35,-47988
107.4,-47973
107.45,-47957
107.5,-47944
107.55,-47928
107.6,-47917
107.65,-47919
107.7,-47923
107.75,-47924
107.8,-47932
107.85,-47935
107.9,-47940
107.95,-47960
108.0,-47977
108.05,-47991
108.1,-48014
108.15,-48034
108.2,-48048
108.25,-48069
108.3,-48088
108.35,-48101
108.4,-48119
108.45,-48139
108.5,-48159
108.55,-48174
108.6,-48184
108.65,-48190
108.7,-48196
108.75,-48211
108.8,-48227
108.85,-48243
108.9,-48253
108.95,-48254
109.0,-48263
109.05,-48275
109.1,-48282
109.15,-48292
109.2,-48307
109.25,-48319
109.3,-48334
109.35,-48358
109.4,-48377
109.45,-48394
109.5,-48422
109.55,-48447
109.6,-48470
109.65,-48505
109.7,-48542
109.75,-48571
109.8,-48609
109.85,-48648
109.9,-48676
109.95,-48717
110.0,-48768
110.05,-48815
110.1,-48864
110.15,-48915
110.2,-48964
110.25,-49012
110.3,-49066
110.35,-49117
110.4,-49162
110.45,-49209
110.5,-49252
110.55,-49292
110.6,-49335
110.65,-49375
110.7,-49411
110.75,-49440
110.8,-49461
110.85,-49479
110.9,-49499
110.95,-49519
111.0,-49533
111.05,-49544
111.1,-49548
111.15,-49549
111.2,-49549
111.25,-49550
111.3,-49553
111.35,-49551
111.4,-49552
111.45,-49546
111.5,-49535
111.55,-49527
111.6,-49506
111.65,-49486
111.7,-49469
111.75,-49442
111.8,-49420
111.85,-49398
111.9,-49368
111.95,-49345
112.0,-49318
112.05,-49286
112.1,-49262
112.15,-49234
112.2,-49194
112.25,-49154
112.3,-49116
112.35,-49079
112.4,-49045
112.45,-49012
112.5,-48983
112.55,-48956
112.6,-48934
112.65,-48906
112.7,-48873
112.75,-48851
112.8,-48831
112.85,-48807
112.9,-48787
112.95,-48770
113.0,-48754
113.05,-48739
113.1,-48723
113.15,-48709
113.2,-48696
113.25,-48676
113.3,-48658
113.35,-48651
113.4,-48638
113.45,-48612
113.5,-48594
113.55,-48585
113.6,-48576
113.65,-48568
113.7,-48557
113.75,-48546
113.8,-48538
113.85,-48534
113.9,-48526
113.95,-48515
114.0,-48512
114.05,-48509
114.1,-48505
114.15,-48506
114.2,-48506
114.25,-48507
114.3,-48516
114.35,-48523
114.4,-48528
114.45,-48538
114.5,-48550
114.55,-48568
114.6,-48585
114.65,-48596
114.7,-48611
114.75,-48626
114.8,-48640
114.85,-48659
114.9,-48679
114.95,-48691
115.0,-48698
115.05,-48719
115.1,-48744
115.15,-48765
115.2,-48789
115.25,-48809
115.3,-48833
115.35,-48860
115.4,-48890
115.45,-48919
115.5,-48945
115.55,-48973
115.6,-48994
115.65,-49005
115.7,-49033
115.75,-49068
115.8,-49096
115.85,-49121
115.9,-49134
115.95,-49148
116.0,-49177
116.05,-49204
116.1,-49219
116.15,-49233
116.2,-49244
116.25,-49249
116.3,-49262
116.35,-49270
116.4,-49265
116.45,-49267
116.5,-49271
116.55,-49264
116.6,-49260
116.65,-49258
116.7,-49240
116.75,-49219
116.8,-49202
116.85,-49172
116.9,-49133
116.95,-49106
117.0,-49081
117.05,-49037
117.1,-48983
117.15,-48931
117.2,-48878
117.25,-48828
117.3,-48774
117.35,-48712
117.4,-48653
117.45,-48591
117.5,-48528
117.55,-48470
117.6,-48418
117.65,-48362
117.7,-48306
117.75,-48256
117.8,-48203
117.85,-48160
117.9,-48116
117.95,-48066
118.0,-48036
118.05,-48013
118.1,-47992
118.15,-47978
118.2,-47961
118.25,-47945
118.3,-47941
118.35,-47942
118.4,-47948
118.45,-47965
118.5,-47981
118.55,-47997
118.6,-48032
118.65,-48076
118.7,-48111
118.75,-48145
118.8,-48191
118.85,-48246
118.9,-48312
118.95,-48382
119.0,-48443
119.05,-48515
119.1,-48590
119.15,-48662
119.2,-48743
119.25,-48828
119.3,-48912
119.35,-48989
119.4,-49073
119.45,-49159
119.5,-49244
119.55,-49332
119.6,-49417
119.65,-49500
119.7,-49585
119.75,-49666
119.8,-49739
119.85,-49816
119.9,-49882
119.95,-49941
120.0,-50008
120.05,-50068
120.1,-50114
120.15,-50147
120.2,-50182
120.25,-50215
120.3,-50240
120.35,-50251
120.4,-50251
120.45,-50258
120.5,-50263
120.55,-50247
120.6,-50219
120.65,-50195
120.7,-50174
120.75,-50144
120.8,-50108
120.85,-50063
120.9,-50005
120.95,-49946
121.0,-49882
121.05,-49820
121.1,-49770
121.15,-49707
121.2,-49624
121.25,-49551
121.3,-49482
121.35,-49405
121.4,-49333
121.45,-49255
121.5,-49175
121.55,-49103
121.6,-49020
121.65,-48930
121.7,-48852
121.75,-48775
121.8,-48697
121.85,-48627
121.9,-48553
121.95,-48473
122.0,-48401
122.05,-48334
122.1,-48271
122.15,-48216
122.2,-48163
122.25,-48105
122.3,-48057
122.35,-48014
122.4,-47970
122.45,-47938
122.5,-47909
122.55,-47873
122.6,-47844
122.65,-47830
122.7,-47813
122.75,-47787
122.8,-47775
122.85,-47767
122.9,-47753
122.95,-47753
123.0,-47757
123.05,-47753
123.1,-47754
123.15,-47766
123.2,-47779
123.25,-47789
123.3,-47796
123.35,-47805
123.4,-47827
123.45,-47842
123.5,-47848
123.55,-47864
123.6,-47887
123.65,-47908
123.7,-47932
123.75,-47960
123.8,-47986
123.85,-48019
123.9,-48055
123.95,-48090
124.0,-48134
124.05,-48175
124.1,-48201
124.15,-48236
124.2,-48286
124.25,-48325
124.3,-48363
124.35,-48416
124.4,-48466
124.45,-48519
124.5,-48576
124.55,-48627
124.6,-48689
124.65,-48751
124.7,-48806
124.75,-48861
124.8,-48922
124.85,-48990
124.9,-49066
124.95,-49149
125.0,-49221
125.05,-49282
125.1,-49352
125.15,-49432
125.2,-49506
125.25,-49582
125.3,-49655
125.35,-49725
125.4,-49801
125.45,-49867
125.5,-49930
125.55,-50002
125.6,-50073
125.65,-50128
125.7,-50179
125.75,-50241
125.8,-50294
125.85,-50337
125.9,-50377
125.95,-50410
126.0,-50444
126.05,-50482
126.1,-50508
126.15,-50525
126.2,-50543
126.25,-50545
126.3,-50541
126.35,-50539
126.4,-50527
126.45,-50514
126.5,-50496
126.55,-50463
126.6,-50426
126.65,-50391
126.7,-50345
126.75,-50286
126.8,-50220
126.85,-50149
126.9,-50070
126.95,-49989
127.0,-49918
127.05,-49844
127.1,-49763
127.15,-49669
127.2,-49559
127.25,-49457
127.3,-49362
127.35,-49256
127.4,-49144
127.45,-49037
127.5,-48924
127.55,-48807
127.6,-48690
127.65,-48568
127.7,-48456
127.75,-48347
127.8,-48223
127.85,-48101
127.9,-47998
127.95,-47890
128.0,-47781
128.05,-47681
128.1,-47575
128.15,-47475
128.2,-47384
128.25,-47301
128.3,-47229
128.35,-47162
128.4,-47095
128.45,-47029
128.5,-46983
128.55,-46946
128.6,-46903
128.65,-46879
128.7,-46860
128.75,-46834
128.8,-46829
128.85,-46842
128.9,-46854
128.95,-46868
129.0,-46886
129.05,-46908
129.1,-46953
129.15,-47012
129.2,-47066
129.25,-47123
129.3,-47197
129.35,-47271
129.4,-47344
129.45,-47425
129.5,-47513
129.55,-47608
129.6,-47714
129.65,-47823
129.7,-47931
129.75,-48046
129.8,-48160
129.85,-48274
129.9,-48395
129.95,-48519
130.0,-48643
130.05,-48762
130.1,-48877
130.15,-48995
130.2,-49112
130.25,-49215
130.3,-49310
130.35,-49411
130.4,-49514
130.45,-49604
130.5,-49689
130.55,-49775
130.6,-49848
130.65,-49914
130.7,-49978
130.75,-50044
130.8,-50105
130.85,-50143
130.9,-50171
130.95,-50212
131.0,-50254
131.05,-50284
131.1,-50311
131.15,-50332
131.2,-50340
131.25,-50342
131.3,-50345
131.35,-50340
131.4,-50337
131.45,-50329
131.5,-50309
131.55,-50292
131.6,-50269
131.65,-50240
131.7,-50211
131.75,-50180
131.8,-50142
131.85,-50102
131.9,-50066
131.95,-50019
132.0,-49967
132.05,-49920
132.1,-49866
132.15,-49806
132.2,-49745
132.25,-49679
132.3,-49608
132.35,-49541
132.4,-49475
132.45,-49404
132.5,-49329
132.55,-49249
132.6,-49169
132.65,-49092
132.7,-49005
132.75,-48914
132.8,-48828
132.85,-48749
132.9,-48669
132.95,-48587
133.0,-48513
133.05,-48436
133.1,-48362
133.15,-48297
133.2,-48232
133.25,-48174
133.3,-48119
133.35,-48060
133.4,-48001
133.45,-47948
133.5,-47898
133.55,-47860
133.6,-47832
133.65,-47797
133.7,-47772
133.75,-47748
133.8,-47721
133.85,-47705
133.9,-47695
133.95,-47694
134.0,-47693
134.05,-47693
134.1,-47696
134.15,-47703
134.2,-47724
134.25,-47747
134.3,-47770
134.35,-47801
134.4,-47831
134.45,-47868
134.5,-47915
134.55,-47958
134.6,-48001
134.65,-48054
134.7,-48109
134.75,-48159
134.8,-48215
134.85,-48277
134.9,-48341
134.95,-48412
135.0,-48485
135.05,-48547
135.1,-48610
135.15,-48676
135.2,-48741
135.25,-48813
135.3,-48886
135.35,-48952
135.4,-49015
135.45,-49083
135.5,-49155
135.55,-49228
135.6,-49302
135.65,-49366
135.7,-49426
135.75,-49493
135.8,-49547
135.85,-49599
135.9,-49650
135.95,-49693
136.0,-49741
136.05,-49788
136.1,-49823
136.15,-49846
136.2,-49876
136.25,-49903
136.3,-49919
136.35,-49945
136.4,-49960
136.45,-49950
136.5,-49940
136.55,-49937
136.6,-49931
136.65,-49919
136.7,-49894
136.75,-49865
136.8,-49836
136.85,-49805
136.9,-49775
136.95,-49742
137.0,-49697
137.05,-49640
137.1,-49592
137.15,-49548
137.2,-49496
137.25,-49440
137.3,-49381
137.35,-49318
137.4,-49253
137.45,-49187
137.5,-49119
137.55,-49054
137.6,-48984
137.65,-48910
137.7,-48837
137.75,-48759
137.8,-48678
137.85,-48602
137.9,-48528
137.95,-48448
138.0,-48361
138.05,-48278
138.1,-48200
138.15,-48125
138.2,-48057
138.25,-47993
138.3,-47926
138.35,-47860
138.4,-47796
138.45,-47730
138.5,-47675
138.55,-47622
138.6,-47562
138.65,-47510
138.7,-47462
138.75,-47419
138.8,-47384
138.85,-47346
138.9,-47313
138.95,-47297
139.0,-47289
139.05,-47274
139.1,-47260
139.15,-47252
139.2,-47257
139.25,-47264
139.3,-47276
139.35,-47303
139.4,-47332
139.45,-47359
139.5,-47388
139.55,-47439
139.6,-47498
139.65,-47552
139.7,-47618
139.75,-47689
139.8,-47764
139.85,-47843
139.9,-47932
139.95,-48033
140.0,-48132
140.05,-48240
140.1,-48349
140.15,-48460
140.2,-48582
140.25,-48703
140.3,-48837
140.35,-48979
140.4,-49117
140.45,-49250
140.5,-49385
140.55,-49520
140.6,-49658
140.65,-49808
140.7,-49953
140.75,-50095
140.8,-50230
140.85,-50358
140.9,-50487
140.95,-50609
141.0,-50722
141.05,-50827
141.1,-50931
141.15,-51029
141.2,-51117
141.25,-51203
141.3,-51278
141.35,-51333
141.4,-51383
141.45,-51432
141.5,-51460
141.55,-51477
141.6,-51495
141.65,-51501
141.7,-51492
141.75,-51469
141.8,-51433
141.85,-51408
141.9,-51374
141.95,-51308
142.0,-51236
142.05,-51167
142.1,-51089
142.15,-51000
142.2,-50904
142.25,-50793
142.3,-50669
142.35,-50542
142.4,-50412
142.45,-50279
142.5,-50133
142.55,-49976
142.6,-49822
142.65,-49670
142.7,-49514
142.75,-49348
142.8,-49186
142.85,-49029
142.9,-48863
142.95,-48704
143.0,-48549
143.05,-48391
143.1,-48233
143.15,-48076
143.2,-47922
143.25,-47777
143.3,-47636
143.35,-47498
143.4,-47378
143.45,-47265
143.5,-47158
143.55,-47069
143.6,-46976
143.65,-46879
143.7,-46805
143.75,-46746
143.8,-46684
143.85,-46622
143.9,-46572
143.95,-46535
144.0,-46510
144.05,-46496
144.1,-46485
144.15,-46488
144.2,-46506
144.25,-46525
144.3,-46553
144.35,-46594
144.4,-46639
144.45,-46685
144.5,-46739
144.55,-46796
144.6,-46865
144.65,-46951
144.7,-47031
144.75,-47107
144.8,-47197
144.85,-47290
144.9,-47377
144.95,-47466
145.0,-47558
145.05,-47649
145.1,-47743
145.15,-47839
145.2,-47931
145.25,-48022
145.3,-48124
145.35,-48214
145.4,-48296
145.45,-48383
145.5,-48463
145.55,-48543
145.6,-48626
145.65,-48708
145.7,-48790
145.75,-48867
145.8,-48933
145.85,-48999
145.9,-49062
145.95,-49122
146.0,-49180
146.05,-49240
146.1,-49297
146.15,-49339
146.2,-49383
146.25,-49432
146.3,-49478
146.35,-49521
146.4,-49551
146.45,-49584
146.5,-49631
146.55,-49670
146.6,-49698
146.65,-49730
146.7,-49762
146.75,-49793
146.8,-49823
146.85,-49847
146.9,-49864
146.95,-49890
147.0,-49916
147.05,-49940
147.1,-49967
147.15,-49984
147.2,-49993
147.25,-50006
147.3,-50024
147.35,-50039
147.4,-50052
147.45,-50069
147.5,-50078
147.55,-50077
147.6,-50076
147.65,-50079
147.7,-50090
147.75,-50089
147.8,-50072
147.85,-50064
147.9,-50053
147.95,-50036
148.0,-50020
148.05,-50000
148.1,-49976
148.15,-49947
148.2,-49913
148.25,-49873
148.3,-49834
148.35,-49800
148.4,-49760
148.45,-49710
148.5,-49661
148.55,-49611
148.6,-49559
148.65,-49507
148.7,-49447
148.75,-49380
148.8,-49312
148.85,-49242
148.9,-49166
148.95,-49089
149.0,-49019
149.05,-48950
149.1,-48875
149.15,-48797
149.2,-48726
149.25,-48660
149.3,-48588
149.35,-48506
149.4,-48426
149.45,-48352
149.5,-48275
149.55,-48207
149.6,-48144
149.65,-48077
149.7,-48014
149.75,-47957
149.8,-47905
149.85,-47852
149.9,-47796
149.95,-47740
150.0,-47694
150.05,-47652
150.1,-47609
150.15,-47572
150.2,-47537
150.25,-47508
150.3,-47486
150.35,-47466
150.4,-47443
150.45,-47429
150.5,-47426
150.55,-47420
150.6,-47416
150.65,-47414
150.7,-47426
150.75,-47450
150.8,-47468
150.85,-47479
150.9,-47499
150.95,-47538
151.0,-47582
151.05,-47625
151.1,-47674
151.15,-47720
151.2,-47767
151.25,-47828
151.3,-47895
151.35,-47956
151.4,-48023
151.45,-48086
151.5,-48147
151.55,-48220
151.6,-48298
151.65,-48376
151.7,-48454
151.75,-48529
151.8,-48601
151.85,-48676
151.9,-48745
151.95,-48812
152.0,-48885
152.05,-48963
152.1,-49049
152.15,-49129
152.2,-49192
152.25,-49252
152.3,-49324
152.35,-49397
152.4,-49458
152.45,-49529
152.5,-49600
152.55,-49658
152.6,-49722
152.65,-49783
152.7,-49836
152.75,-49894
152.8,-49954
152.85,-50005
152.9,-50048
152.95,-50083
153.0,-50109
153.05,-50143
153.1,-50173
153.15,-50186
153.2,-50204
153.25,-50217
153.3,-50212
153.35,-50204
153.4,-50199
153.45,-50182
153.5,-50164
153.55,-50154
153.6,-50129
153.65,-50102
153.7,-50076
153.75,-50034
153.8,-49999
153.85,-49971
153.9,-49935
153.95,-49895
154.0,-49858
154.05,-49811
154.1,-49755
154.15,-49705
154.2,-49663
154.25,-49619
154.3,-49576
154.35,-49531
154.4,-49471
154.45,-49417
154.5,-49368
154.55,-49312
154.6,-49257
154.65,-49196
154.7,-49130
154.75,-49068
154.8,-49009
154.85,-48945
154.9,-48886
154.95,-48830
155.0,-48764
155.05,-48699
155.1,-48634
155.15,-48564
155.2,-48498
155.25,-48442
155.3,-48389
155.35,-48335
155.4,-48277
155.45,-48215
155.5,-48160
155.55,-48114
155.6,-48068
155.65,-48021
155.7,-47975
155.75,-47934
155.8,-47905
155.85,-47880
155.9,-47855
155.95,-47830
156.0,-47816
156.05,-47805
156.1,-47787
156.15,-47776
156.2,-47773
156.25,-47781
156.3,-47801
156.35,-47813
156.4,-47815
156.45,-47831
156.5,-47846
156.55,-47864
156.6,-47897
156.65,-47920
156.7,-47939
156.75,-47966
156.8,-47992
156.85,-48013
156.9,-48039
156.95,-48075
157.0,-48108
157.05,-48140
157.1,-48171
157.15,-48193
157.2,-48217
157.25,-48256
157.3,-48291
157.35,-48322
157.4,-48356
157.45,-48386
157.5,-48422
157.55,-48462
157.6,-48500
157.65,-48541
157.7,-48580
157.75,-48619
157.8,-48661
157.85,-48700
157.9,-48732
157.95,-48765
158.0,-48804
158.05,-48844
158.1,-48885
158.15,-48928
158.2,-48965
158.25,-49008
158.3,-49064
158.35,-49111
158.4,-49154
158.45,-49210
158.5,-49259
158.55,-49298
158.6,-49340
158.65,-49384
158.7,-49425
158.75,-49462
158.8,-49497
158.85,-49533
158.9,-49569
158.95,-49599
159.0,-49629
159.05,-49657
159.1,-49684
159.15,-49707
159.2,-49723
159.25,-49738
159.3,-49745
159.35,-49753
159.4,-49758
159.45,-49755
159.5,-49756
159.55,-49752
159.6,-49740
159.65,-49725
159.7,-49707
159.75,-49684
159.8,-49656
159.85,-49631
159.9,-49599
159.95,-49552
160.0,-49505
160.05,-49455
160.1,-49403
160.15,-49349
160.2,-49298
160.25,-49245
160.3,-49186
160.35,-49125
160.4,-49056
160.45,-48997
160.5,-48942
160.55,-48884
160.6,-48833
160.65,-48778
160.7,-48721
160.75,-48664
160.8,-48610
160.85,-48570
160.9,-48537
160.95,-48498
161.0,-48447
161.05,-48404
161.1,-48377
161.15,-48351
161.2,-48326
161.25,-48305
161.3,-48289
161.35,-48271
161.4,-48248
161.45,-48232
161.5,-48223
161.55,-48217
161.6,-48217
161.65,-48214
161.7,-48206
161.75,-48206
161.8,-48212
161.85,-48218
161.9,-48226
161.95,-48236
162.0,-48246
162.05,-48256
162.1,-48265
162.15,-48275
162.2,-48280
162.25,-48292
162.3,-48310
162.35,-48322
162.4,-48334
162.45,-48348
162.5,-48361
162.55,-48369
162.6,-48375
162.65,-48382
162.7,-48389
162.75,-48408
162.8,-48425
162.85,-48435
162.9,-48453
162.95,-48478
163.0,-48502
163.05,-48525
163.1,-48553
163.15,-48591
163.2,-48628
163.25,-48659
163.3,-48690
163.35,-48738
163.4,-48794
163.45,-48844
163.5,-48892
163.55,-48944
163.6,-48998
163.65,-49054
163.7,-49109
163.75,-49167
163.8,-49229
163.85,-49296
163.9,-49358
163.95,-49412
164.0,-49470
164.05,-49523
164.1,-49575
164.15,-49634
164.2,-49683
164.25,-49726
164.3,-49769
164.35,-49809
164.4,-49842
164.45,-49877
164.5,-49918
164.55,-49947
164.6,-49967
164.65,-49981
164.7,-49998
164.75,-50021
164.8,-50028
164.85,-50028
164.9,-50028
164.95,-50028
165.0,-50030
165.05,-50019
165.1,-49997
165.15,-49970
165.2,-49942
165.25,-49920
165.3,-49899
165.35,-49866
165.4,-49820
165.45,-49775
165.5,-49736
165.55,-49686
165.6,-49627
165.65,-49569
165.7,-49501
165.75,-49430
165.8,-49363
165.85,-49288
165.9,-49210
165.95,-49125
166.0,-49034
166.05,-48940
166.1,-48847
166.15,-48754
166.2,-48650
166.25,-48545
166.3,-48442
166.35,-48339
166.4,-48231
166.45,-48122
166.5,-48019
166.55,-47918
166.6,-47827
166.65,-47732
166.7,-47639
166.75,-47560
166.8,-47478
166.85,-47402
166.9,-47330
166.95,-47260
167.0,-47191
167.05,-47134
167.1,-47092
167.15,-47053
167.2,-47018
167.25,-46991
167.3,-46974
167.35,-46970
167.4,-46967
167.45,-46962
167.5,-46964
167.55,-46974
167.6,-46990
167.65,-47018
167.7,-47048
167.75,-47088
167.8,-47146
167.85,-47213
167.9,-47278
167.95,-47352
168.0,-47439
168.05,-47530
168.1,-47624
168.15,-47720
168.2,-47816
168.25,-47913
168.3,-48015
168.35,-48123
168.4,-48240
168.45,-48358
168.5,-48476
168.55,-48596
168.6,-48711
168.65,-48823
168.7,-48939
168.75,-49061
168.8,-49178
168.85,-49284
168.9,-49388
168.95,-49495
169.0,-49603
169.05,-49698
169.1,-49786
169.15,-49878
169.2,-49959
169.25,-50033
169.3,-50105
169.35,-50173
169.4,-50241
169.45,-50305
169.5,-50357
169.55,-50395
169.6,-50428
169.65,-50464
169.7,-50489
169.75,-50502
169.8,-50513
169.85,-50519
169.9,-50522
169.95,-50524
170.0,-50510
170.05,-50491
170.1,-50475
170.15,-50457
170.2,-50435
170.25,-50409
170.3,-50373
170.35,-50330
170.4,-50291
170.45,-50259
170.5,-50222
170.55,-50175
170.6,-50126
170.65,-50079
170.7,-50034
170.75,-49989
170.8,-49940
170.85,-49896
170.9,-49846
170.95,-49793
171.0,-49743
171.05,-49690
171.1,-49639
171.15,-49581
171.2,-49525
171.25,-49470
171.3,-49406
171.35,-49346
171.4,-49286
171.45,-49226
171.5,-49161
171.55,-49089
171.6,-49025
171.65,-48966
171.7,-48908
171.75,-48840
171.8,-48764
171.85,-48694
171.9,-48624
171.95,-48552
172.0,-48485
172.05,-48417
172.1,-48341
172.15,-48257
172.2,-48181
172.25,-48117
172.3,-48053
172.35,-47995
172.4,-47938
172.45,-47875
172.5,-47818
172.55,-47764
172.6,-47709
172.65,-47665
172.7,-47628
172.75,-47581
172.8,-47528
172.85,-47492
172.9,-47462
172.95,-47431
173.0,-47410
173.05,-47384
173.1,-47351
173.15,-47323
173.2,-47298
173.25,-47274
173.3,-47257
173.35,-47242
173.4,-47225
173.45,-47217
173.5,-47214
173.55,-47210
173.6,-47211
173.65,-47212
173.7,-47214
173.75,-47230
173.8,-47257
173.85,-47276
173.9,-47288
173.95,-47312
174.0,-47343
174.05,-47380
174.1,-47429
174.15,-47470
174.2,-47510
174.25,-47559
174.3,-47605
174.35,-47656
174.4,-47715
174.45,-47781
174.5,-47849
174.55,-47922
174.6,-48001
174.65,-48079
174.7,-48163
174.75,-48248
174.8,-48332
174.85,-48417
174.9,-48509
174.95,-48608
175.0,-48716
175.05,-48823
175.1,-48932
175.15,-49038
175.2,-49137
175.25,-49253
175.3,-49361
175.35,-49458
175.4,-49549
175.45,-49638
175.5,-49741
175.55,-49841
175.6,-49940
175.65,-50028
175.7,-50110
175.75,-50199
175.8,-50281
175.85,-50358
175.9,-50430
175.95,-50500
176.0,-50567
176.05,-50630
176.1,-50681
176.15,-50713
176.2,-50746
176.25,-50790
176.3,-50834
176.35,-50866
176.4,-50885
176.45,-50898
176.5,-50912
176.55,-50932
176.6,-50938
176.65,-50929
176.7,-50923
176.75,-50911
176.8,-50887
176.85,-50852
176.9,-50810
176.95,-50767
177.0,-50729
177.05,-50680
177.1,-50623
177.15,-50565
177.2,-50496
177.25,-50421
177.3,-50340
177.35,-50247
177.4,-50149
177.45,-50049
177.5,-49944
177.55,-49839
177.6,-49735
177.65,-49621
177.7,-49499
177.75,-49376
177.8,-49253
177.85,-49132
177.9,-49017
177.95,-48902
178.0,-48785
178.05,-48673
178.1,-48559
178.15,-48440
178.2,-48326
178.25,-48218
178.3,-48108
178.35,-48010
178.4,-47916
178.45,-47821
178.5,-47740
178.55,-47669
178.6,-47603
178.65,-47549
178.7,-47499
178.75,-47449
178.8,-47408
178.85,-47372
178.9,-47337
178.95,-47306
179.0,-47278
179.05,-47257
179.1,-47248
179.15,-47240
179.2,-47229
179.25,-47217
179.3,-47222
179.35,-47235
179.4,-47243
179.45,-47255
179.5,-47270
179.55,-47287
179.6,-47298
179.65,-47317
179.7,-47352
179.75,-47381
179.8,-47399
179.85,-47423
179.9,-47470
179.95,-47521
180.0,-47547
180.05,-47578
180.1,-47624
180.15,-47676
180.2,-47727
180.25,-47767
180.3,-47815
180.35,-47864
180.4,-47911
180.45,-47956
180.5,-48003
180.55,-48057
180.6,-48109
180.65,-48164
180.7,-48219
180.75,-48271
180.8,-48339
180.85,-48406
180.9,-48462
180.95,-48520
181.0,-48584
181.05,-48653
181.1,-48719
181.15,-48782
181.2,-48848
181.25,-48924
181.3,-48994
181.35,-49054
181.4,-49126
181.45,-49202
181.5,-49276
181.55,-49345
181.6,-49406
181.65,-49475
181.7,-49547
181.75,-49612
181.8,-49677
181.85,-49740
181.9,-49799
181.95,-49855
182.0,-49912
182.05,-49961
182.1,-50012
182.15,-50070
182.2,-50119
182.25,-50153
182.3,-50176
182.35,-50204
182.4,-50236
182.45,-50259
182.5,-50276
182.55,-50283
182.6,-50289
182.65,-50303
182.7,-50309
182.75,-50301
182.8,-50293
182.85,-50284
182.9,-50268
182.95,-50246
183.0,-50217
183.05,-50188
183.1,-50159
183.15,-50122
183.2,-50081
183.25,-50042
183.3,-50001
183.35,-49955
183.4,-49906
183.45,-49855
183.5,-49800
183.55,-49743
183.6,-49685
183.65,-49626
183.7,-49571
183.75,-49512
183.8,-49451
183.85,-49384
183.9,-49314
183.95,-49239
184.0,-49159
184.05,-49080
184.1,-48993
184.15,-48910
184.2,-48824
184.25,-48729
184.3,-48632
184.35,-48539
184.4,-48458
184.45,-48368
184.5,-48269
184.55,-48176
184.6,-48088
184.65,-47993
184.7,-47900
184.75,-47816
184.8,-47728
184.85,-47645
184.9,-47565
184.95,-47488
185.0,-47411
185.05,-47335
185.1,-47275
185.15,-47230
185.2,-47192
185.25,-47153
185.3,-47114
185.35,-47083
185.4,-47057
185.45,-47043
185.5,-47041
185.55,-47040
185.6,-47049
185.65,-47070
185.7,-47098
185.75,-47126
185.8,-47160
185.85,-47200
185.9,-47242
185.95,-47298
186.0,-47368
186.05,-47444
186.1,-47520
186.15,-47593
186.2,-47673
186.25,-47755
186.3,-47837
186.35,-47926
186.4,-48012
186.45,-48105
186.5,-48206
186.55,-48303
186.6,-48404
186.65,-48513
186.7,-48623
186.75,-48730
186.8,-48837
186.85,-48950
186.9,-49064
186.95,-49176
187.0,-49290
187.05,-49403
187.1,-49510
187.15,-49618
187.2,-49722
187.25,-49826
187.3,-49926
187.35,-50017
187.4,-50100
187.45,-50176
187.5,-50250
187.55,-50316
187.6,-50369
187.65,-50419
187.7,-50461
187.75,-50496
187.8,-50533
187.85,-50562
187.9,-50587
187.95,-50609
188.0,-50619
188.05,-50618
188.1,-50616
188.15,-50607
188.2,-50583
188.25,-50557
188.3,-50526
188.35,-50482
188.4,-50435
188.45,-50385
188.5,-50326
188.55,-50255
188.6,-50183
188.65,-50111
188.7,-50037
188.75,-49963
188.8,-49877
188.85,-49783
188.9,-49689
188.95,-49589
189.0,-49484
189.05,-49371
189.1,-49254
189.15,-49144
189.2,-49035
189.25,-48919
189.3,-48805
189.35,-48691
189.4,-48568
189.45,-48445
189.5,-48324
189.55,-48203
189.6,-48085
189.65,-47967
189.7,-47852
189.75,-47741
189.8,-47634
189.85,-47529
189.9,-47424
189.95,-47331
190.0,-47251
190.05,-47175
190.1,-47104
190.15,-47039
190.2,-46987
190.25,-46942
190.3,-46899
190.35,-46863
190.4,-46841
190.45,-46832
190.5,-46827
190.55,-46834
190.6,-46850
190.65,-46876
190.7,-46912
190.75,-46947
190.8,-46996
190.85,-47062
190.9,-47134
190.95,-47203
191.0,-47271
191.05,-47342
191.1,-47427
191.15,-47518
191.2,-47615
191.25,-47717
191.3,-47806
191.35,-47895
191.4,-47990
191.45,-48096
191.5,-48214
191.55,-48322
191.6,-48427
191.65,-48531
191.7,-48632
191.75,-48736
191.8,-48838
191.85,-48941
191.9,-49046
191.95,-49142
192.0,-49236
192.05,-49325
192.1,-49406
192.15,-49489
192.2,-49566
192.25,-49637
192.3,-49707
192.35,-49763
192.4,-49813
192.45,-49871
192.5,-49920
192.55,-49959
192.6,-49994
192.65,-50026
192.7,-50060
192.75,-50089
192.8,-50108
192.85,-50117
192.9,-50125
192.95,-50136
193.0,-50141
193.05,-50146
193.1,-50151
193.15,-50150
193.2,-50145
193.25,-50140
193.3,-50132
193.35,-50120
193.4,-50104
193.45,-50082
193.5,-50057
193.55,-50032
193.6,-50006
193.65,-49985
193.7,-49964
193.75,-49941
193.8,-49915
193.85,-49886
193.9,-49851
193.95,-49813
194.0,-49780
194.05,-49748
194.1,-49709
194.15,-49660
194.2,-49616
194.25,-49580
194.3,-49541
194.35,-49505
194.4,-49471
194.45,-49431
194.5,-49385
194.55,-49343
194.6,-49310
194.65,-49270
194.7,-49215
194.75,-49162
194.8,-49116
194.85,-49078
194.9,-49036
194.95,-48987
195.0,-48943
195.05,-48897
195.1,-48851
195.15,-48805
195.2,-48754
195.25,-48706
195.3,-48663
195.35,-48622
195.4,-48575
195.45,-48528
195.5,-48492
195.55,-48448
195.6,-48409
195.65,-48377
195.7,-48336
195.75,-48292
195.8,-48250
195.85,-48219
195.9,-48189
195.95,-48156
196.0,-48124
196.05,-48090
196.1,-48054
196.15,-48024
196.2,-47999
196.25,-47974
196.3,-47950
196.35,-47922
196.4,-47895
196.45,-47874
196.5,-47861
196.55,-47855
196.6,-47845
196.65,-47826
196.7,-47807
196.75,-47805
196.8,-47808
196.85,-47809
196.9,-47805
196.95,-47799
197.0,-47802
197.05,-47815
197.1,-47828
197.15,-47841
197.2,-47854
197.25,-47869
197.3,-47891
197.35,-47914
197.4,-47940
197.45,-47971
197.5,-48002
197.55,-48047
197.6,-48096
197.65,-48132
197.7,-48170
197.75,-48214
197.8,-48265
197.85,-48320
197.9,-48367
197.95,-48418
198.0,-48481
198.05,-48546
198.1,-48599
198.15,-48648
198.2,-48706
198.25,-48768
198.3,-48818
198.35,-48862
198.4,-48911
198.45,-48961
198.5,-49006
198.55,-49043
198.6,-49086
198.65,-49132
198.7,-49174
198.75,-49214
198.8,-49242
198.85,-49271
198.9,-49311
198.95,-49345
199.0,-49369
199.05,-49389
199.1,-49407
199.15,-49422
199.2,-49433
199.25,-49446
199.3,-49459
199.35,-49460
199.4,-49460
199.45,-49459
199.5,-49455
199.55,-49460
199.6,-49458
199.65,-49444
199.7,-49426
199.75,-49408
199.8,-49390
199.85,-49362
199.9,-49330
199.95,-49296
200.0,-49268
200.05,-49248
200.1,-49222
200.15,-49188
200.2,-49153
200.25,-49127
200.3,-49105
200.35,-49077
200.4,-49053
200.45,-49035
200.5,-49010
200.55,-48980
200.6,-48953
200.65,-48937
200.7,-48919
200.75,-48902
200.8,-48892
200.85,-48884
200.9,-48877
200.95,-48868
201.0,-48857
201.05,-48853
201.1,-48857
201.15,-48860
201.2,-48862
201.25,-48868
201.3,-48872
201.35,-48881
201.4,-48895
201.45,-48911
201.5,-48926
201.55,-48942
201.6,-48964
201.65,-48986
201.7,-49002
201.75,-49018
201.8,-49038
201.85,-49056
201.9,-49073
201.95,-49095
202.0,-49114
202.05,-49126
202.1,-49138
202.15,-49151
202.2,-49167
202.25,-49178
202.3,-49176
202.35,-49179
202.4,-49184
202.45,-49178
202.5,-49167
202.55,-49154
202.6,-49140
202.65,-49126
202.7,-49111
202.75,-49090
202.8,-49065
202.85,-49037
202.9,-49008
202.95,-48987
203.0,-48966
203.05,-48928
203.1,-48887
203.15,-48858
203.2,-48833
203.25,-48806
203.3,-48766
203.35,-48724
203.4,-48689
203.45,-48663
203.5,-48636
203.55,-48600
203.6,-48555
203.65,-48510
203.7,-48478
203.75,-48455
203.8,-48423
203.85,-48382
203.9,-48351
203.95,-48320
204.0,-48279
204.05,-48242
204.1,-48210
204.15,-48185
204.2,-48155
204.25,-48124
204.3,-48095
204.35,-48067
204.4,-48043
204.45,-48014
204.5,-47983
204.55,-47955
204.6,-47931
204.65,-47910
204.7,-47894
204.75,-47890
204.8,-47889
204.85,-47876
204.9,-47865
204.95,-47867
205.0,-47877
205.05,-47893
205.1,-47909
205.15,-47927
205.2,-47950
205.25,-47969
205.3,-47984
205.35,-48012
205.4,-48049
205.45,-48080
205.5,-48113
205.55,-48145
205.6,-48181
205.65,-48229
205.7,-48274
205.75,-48319
205.8,-48366
205.85,-48419
205.9,-48474
205.95,-48523
206.0,-48584
206.05,-48643
206.1,-48697
206.15,-48760
206.2,-48819
206.25,-48871
206.3,-48927
206.35,-48982
206.4,-49028
206.45,-49072
206.5,-49120
206.55,-49171
206.6,-49223
206.65,-49268
206.7,-49312
206.75,-49359
206.8,-49399
206.85,-49431
206.9,-49460
206.95,-49496
207.0,-49532
207.05,-49557
207.1,-49575
207.15,-49593
207.2,-49613
207.25,-49627
207.3,-49635
207.35,-49637
207.4,-49633
207.45,-49636
207.5,-49627
207.55,-49610
207.6,-49598
207.65,-49581
207.7,-49566
207.75,-49547
207.8,-49527
207.85,-49503
207.9,-49469
207.95,-49436
208.0,-49404
208.05,-49372
208.1,-49336
208.15,-49299
208.2,-49260
208.25,-49218
208.3,-49182
208.35,-49139
208.4,-49096
208.45,-49054
208.5,-49009
208.55,-48970
208.6,-48935
208.65,-48896
208.7,-48854
208.75,-48810
208.8,-48773
208.85,-48741
208.9,-48701
208.95,-48668
209.0,-48641
209.05,-48607
209.1,-48572
209.15,-48545
209.2,-48523
209.25,-48497
209.3,-48476
209.35,-48454
209.4,-48433
209.45,-48416
209.5,-48405
209.55,-48405
209.6,-48405
209.65,-48404
209.7,-48406
209.75,-48410
209.8,-48423
209.85,-48441
209.9,-48456
209.95,-48475
210.0,-48497
210.05,-48521
210.1,-48544
210.15,-48569
210.2,-48599
210.25,-48621
210.3,-48641
210.35,-48667
210.4,-48688
210.45,-48707
210.5,-48737
210.55,-48776
210.6,-48801
210.65,-48821
210.7,-48845
210.75,-48868
210.8,-48895
210.85,-48914
210.9,-48930
210.95,-48952
211.0,-48973
211.05,-48988
211.1,-49000
211.15,-49012
211.2,-49031
211.25,-49047
211.3,-49052
211.35,-49057
211.4,-49066
211.45,-49061
211.5,-49054
211.55,-49057
211.6,-49060
211.65,-49060
211.7,-49053
211.75,-49049
211.8,-49046
211.85,-49041
211.9,-49038
211.95,-49030
212.0,-49024
212.05,-49026
212.1,-49027
212.15,-49020
212.2,-49011
212.25,-49007
212.3,-49010
212.35,-49015
212.4,-49018
212.45,-49026
212.5,-49030
212.55,-49031
212.6,-49034
212.65,-49032
212.7,-49032
212.75,-49029
212.8,-49023
212.85,-49016
212.9,-49000
212.95,-48985
213.0,-48974
213.05,-48953
213.1,-48928
213.15,-48910
213.2,-48894
213.25,-48878
213.3,-48862
213.35,-48839
213.4,-48810
213.45,-48797
213.5,-48784
213.55,-48764
213.6,-48742
213.65,-48718
213.7,-48704
213.75,-48691
213.8,-48677
213.85,-48669
213.9,-48663
213.95,-48655
214.0,-48648
214.05,-48643
214.1,-48642
214.15,-48643
214.2,-48638
214.25,-48633
214.3,-48633
214.35,-48634
214.4,-48632
214.45,-48622
214.5,-48613
214.55,-48609
214.6,-48602
214.65,-48595
214.7,-48593
214.75,-48592
214.8,-48588
214.85,-48586
214.9,-48587
214.95,-48590
215.0,-48594
215.05,-48589
215.1,-48581
215.15,-48578
215.2,-48580
215.25,-48586
215.3,-48585
215.35,-48581
215.4,-48581
215.45,-48581
215.5,-48584
215.55,-48588
215.6,-48602
215.65,-48612
215.7,-48615
215.75,-48627
215.8,-48639
215.85,-48656
215.9,-48677
215.95,-48691
216.0,-48710
216.05,-48732
216.1,-48754
216.15,-48783
216.2,-48814
216.25,-48842
216.3,-48868
216.35,-48893
216.4,-48918
216.45,-48947
216.5,-48972
216.55,-48992
216.6,-49014
216.65,-49033
216.7,-49044
216.75,-49053
216.8,-49060
216.85,-49069
216.9,-49079
216.95,-49081
217.0,-49080
217.05,-49077
217.1,-49081
217.15,-49076
217.2,-49059
217.25,-49045
217.3,-49026
217.35,-49005
217.4,-48992
217.45,-48976
217.5,-48950
217.55,-48916
217.6,-48888
217.65,-48870
217.7,-48842
217.75,-48810
217.8,-48776
217.85,-48737
217.9,-48708
217.95,-48683
218.0,-48646
218.05,-48612
218.1,-48591
218.15,-48560
218.2,-48519
218.25,-48488
218.3,-48461
218.35,-48432
218.4,-48404
218.45,-48380
218.5,-48356
218.55,-48331
218.6,-48311
218.65,-48291
218.7,-48271
218.75,-48258
218.8,-48242
218.85,-48222
218.9,-48204
218.95,-48184
219.0,-48167
219.05,-48169
219.1,-48180
219.15,-48179
219.2,-48177
219.25,-48179
219.3,-48183
219.35,-48199
219.4,-48216
219.45,-48220
219.5,-48225
219.55,-48243
219.6,-48270
219.65,-48291
219.7,-48307
219.75,-48329
219.8,-48358
219.85,-48388
219.9,-48421
219.95,-48457
220.0,-48495
220.05,-48534
220.1,-48574
220.15,-48616
220.2,-48660
220.25,-48705
220.3,-48749
220.35,-48795
220.4,-48846
220.45,-48901
220.5,-48949
220.55,-49000
220.6,-49064
220.65,-49127
220.7,-49190
220.75,-49260
220.8,-49329
220.85,-49397
220.9,-49463
220.95,-49522
221.0,-49580
221.05,-49641
221.1,-49698
221.15,-49753
221.2,-49809
221.25,-49860
221.3,-49904
221.35,-49958
221.4,-50016
221.45,-50060
221.5,-50102
221.55,-50134
221.6,-50154
221.65,-50170
221.7,-50180
221.75,-50187
221.8,-50190
221.85,-50197
221.9,-50197
221.95,-50182
222.0,-50164
222.05,-50138
222.1,-50106
222.15,-50075
222.2,-50041
222.25,-50003
222.3,-49961
222.35,-49909
222.4,-49845
222.45,-49778
222.5,-49717
222.55,-49657
222.6,-49581
222.65,-49496
222.7,-49414
222.75,-49336
222.8,-49259
222.85,-49175
222.9,-49090
222.95,-49000
223.0,-48901
223.05,-48805
223.1,-48713
223.15,-48617
223.2,-48519
223.25,-48423
223.3,-48325
223.35,-48221
223.4,-48116
223.45,-48014
223.5,-47923
223.55,-47833
223.6,-47737
223.65,-47644
223.7,-47560
223.75,-47482
223.8,-47400
223.85,-47324
223.9,-47261
223.95,-47200
224.0,-47143
224.05,-47089
224.1,-47044
224.15,-47005
224.2,-46974
224.25,-46955
224.3,-46948
224.35,-46948
224.4,-46944
224.45,-46950
224.5,-46971
224.55,-47000
224.6,-47044
224.65,-47091
224.7,-47135
224.75,-47186
224.8,-47241
224.85,-47301
224.9,-47373
224.95,-47450
225.0,-47520
225.05,-47593
225.1,-47673
225.15,-47754
225.2,-47842
225.25,-47931
225.3,-48022
225.35,-48115
225.4,-48205
225.45,-48299
225.5,-48385
225.55,-48468
225.6,-48558
225.65,-48651
225.7,-48746
225.75,-48829
225.8,-48910
225.85,-49012
225.9,-49114
225.95,-49205
226.0,-49295
226.05,-49384
226.1,-49464
226.15,-49546
226.2,-49632
226.25,-49716
226.3,-49801
226.35,-49882
226.4,-49955
226.45,-50037
226.5,-50127
226.55,-50204
226.6,-50272
226.65,-50342
226.7,-50408
226.75,-50470
226.8,-50533
226.85,-50584
226.9,-50632
226.95,-50675
227.0,-50702
227.05,-50728
227.1,-50749
227.15,-50764
227.2,-50772
227.25,-50766
227.3,-50759
227.35,-50741
227.4,-50701
227.45,-50655
227.5,-50612
227.55,-50560
227.6,-50497
227.65,-50425
227.7,-50344
227.75,-50261
227.8,-50176
227.85,-50089
227.9,-50001
227.95,-49907
228.0,-49804
228.05,-49694
228.1,-49576
228.15,-49462
228.2,-49353
228.25,-49239
228.3,-49125
228.35,-49003
228.4,-48880
228.45,-48769
228.5,-48662
228.55,-48556
228.6,-48446
228.65,-48338
228.7,-48235
228.75,-48136
228.8,-48040
228.85,-47959
228.9,-47891
228.95,-47820
229.0,-47749
229.05,-47688
229.1,-47634
229.15,-47582
229.2,-47535
229.25,-47490
229.3,-47442
229.35,-47401
229.4,-47377
229.45,-47353
229.5,-47318
229.55,-47288
229.6,-47264
229.65,-47244
229.7,-47228
229.75,-47215
229.8,-47203
229.85,-47192
229.9,-47182
229.95,-47169
230.0,-47163
230.05,-47161
230.1,-47158
230.15,-47158
230.2,-47163
230.25,-47181
230.3,-47206
230.35,-47227
230.4,-47248
230.45,-47272
230.5,-47306
230.55,-47342
230.6,-47389
230.65,-47441
230.7,-47481
230.75,-47528
230.8,-47587
230.85,-47645
230.9,-47707
230.95,-47773
231.0,-47840
231.05,-47917
231.1,-48006
231.15,-48096
231.2,-48176
231.25,-48262
231.3,-48355
231.35,-48447
231.4,-48540
231.45,-48628
231.5,-48722
231.55,-48821
231.6,-48917
231.65,-49018
231.7,-49117
231.75,-49212
231.8,-49307
231.85,-49400
231.9,-49491
231.95,-49583
232.0,-49675
232.05,-49769
232.1,-49853
232.15,-49940
232.2,-50033
232.25,-50120
232.3,-50203
232.35,-50283
232.4,-50352
232.45,-50417
232.5,-50482
232.55,-50537
232.6,-50583
232.65,-50627
232.7,-50657
232.75,-50683
232.8,-50712
232.85,-50740
232.9,-50772
232.95,-50792
233.0,-50800
233.05,-50801
233.1,-50799
233.15,-50788
233.2,-50768
233.25,-50746
233.3,-50712
233.35,-50666
233.4,-50615
233.45,-50562
233.5,-50506
233.55,-50445
233.6,-50381
233.65,-50314
233.7,-50238
233.75,-50151
233.8,-50066
233.85,-49984
233.9,-49893
233.95,-49789
234.0,-49685
234.05,-49578
234.1,-49467
234.15,-49364
234.2,-49264
234.25,-49156
234.3,-49047
234.35,-48942
234.4,-48826
234.45,-48704
234.5,-48590
234.55,-48486
234.6,-48382
234.65,-48270
234.7,-48153
234.75,-48045
234.8,-47946
234.85,-47845
234.9,-47743
234.95,-47633
235.0,-47525
235.05,-47434
235.1,-47350
235.15,-47261
235.2,-47177
235.25,-47104
235.3,-47021
235.35,-46945
235.4,-46879
235.45,-46813
235.5,-46756
235.55,-46710
235.6,-46667
235.65,-46628
235.7,-46604
235.75,-46591
235.8,-46583
235.85,-46586
235.9,-46592
235.95,-46603
236.0,-46628
236.05,-46663
236.1,-46706
236.15,-46752
236.2,-46800
236.25,-46860
236.3,-46936
236.35,-47021
236.4,-47107
236.45,-47200
236.5,-47293
236.55,-47395
236.6,-47520
236.65,-47645
236.7,-47770
236.75,-47895
236.8,-48021
236.85,-48152
236.9,-48283
236.95,-48419
237.0,-48559
237.05,-48702
237.1,-48841
237.15,-48974
237.2,-49106
237.25,-49236
237.3,-49361
237.35,-49483
237.4,-49613
237.45,-49735
237.5,-49834
237.55,-49936
237.6,-50046
237.65,-50140
237.7,-50218
237.75,-50297
237.8,-50373
237.85,-50442
237.9,-50498
237.95,-50545
238.0,-50591
238.05,-50626
238.1,-50652
238.15,-50674
238.2,-50686
238.25,-50695
238.3,-50699
238.35,-50697
238.4,-50691
238.45,-50682
238.5,-50661
238.55,-50627
238.6,-50592
238.65,-50555
238.7,-50510
238.75,-50461
238.8,-50410
238.85,-50354
238.9,-50292
238.95,-50227
239.0,-50158
239.05,-50086
239.1,-50017
239.15,-49933
239.2,-49844
239.25,-49760
239.3,-49663
239.35,-49558
239.4,-49463
239.45,-49376
239.5,-49286
239.55,-49183
239.6,-49082
239.65,-48987
239.7,-48896
239.75,-48798
239.8,-48700
239.85,-48619
239.9,-48542
239.95,-48463
240.0,-48384
240.05,-48300
240.1,-48220
240.15,-48142
240.2,-48069
240.25,-48008
240.3,-47957
240.35,-47906
240.4,-47845
240.45,-47790
240.5,-47750
240.55,-47715
240.6,-47676
240.65,-47642
240.7,-47618
240.75,-47595
240.8,-47567
240.85,-47546
240.9,-47523
240.95,-47497
241.0,-47474
241.05,-47454
241.1,-47442
241.15,-47432
241.2,-47419
241.25,-47412
241.3,-47408
241.35,-47403
241.4,-47408
241.45,-47410
241.5,-47410
241.55,-47425
241.6,-47435
241.65,-47441
241.7,-47457
241.75,-47481
241.8,-47502
241.85,-47524
241.9,-47556
241.95,-47589
242.0,-47625
242.05,-47665
242.1,-47706
242.15,-47757
242.2,-47823
242.25,-47882
242.3,-47941
242.35,-48010
242.4,-48076
242.45,-48147
242.5,-48230
242.55,-48318
242.6,-48399
242.65,-48474
242.7,-48559
242.75,-48645
242.8,-48731
242.85,-48816
242.9,-48899
242.95,-48991
243.0,-49070
243.05,-49142
243.1,-49221
243.15,-49298
243.2,-49373
243.25,-49445
243.3,-49520
243.35,-49586
243.4,-49643
243.45,-49704
243.5,-49762
243.55,-49823
243.6,-49879
243.65,-49920
243.7,-49965
243.75,-50008
243.8,-50046
243.85,-50085
243.9,-50109
243.95,-50128
244.0,-50156
244.05,-50174
244.1,-50187
244.15,-50209
244.2,-50235
244.25,-50248
244.3,-50257
244.35,-50261
244.4,-50258
244.45,-50257
244.5,-50247
244.55,-50231
244.6,-50217
244.65,-50207
244.7,-50194
244.75,-50164
244.8,-50133
244.85,-50108
244.9,-50076
244.95,-50037
245.0,-49997
245.05,-49951
245.1,-49904
245.15,-49857
245.2,-49797
245.25,-49734
245.3,-49674
245.35,-49609
245.4,-49542
245.45,-49479
245.5,-49414
245.55,-49338
245.6,-49254
245.65,-49172
245.7,-49088
245.75,-49006
245.8,-48925
245.85,-48839
245.9,-48753
245.95,-48662
246.0,-48573
246.05,-48489
246.1,-48410
246.15,-48333
246.2,-48249
246.25,-48168
246.3,-48093
246.35,-48026
246.4,-47959
246.45,-47894
246.5,-47833
246.55,-47780
246.6,-47736
246.65,-47689
246.7,-47646
246.75,-47613
246.8,-47586
246.85,-47566
246.9,-47549
246.95,-47540
247.0,-47530
247.05,-47515
247.1,-47504
247.15,-47501
247.2,-47508
247.25,-47512
247.3,-47517
247.35,-47533
247.4,-47551
247.45,-47574
247.5,-47594
247.55,-47621
247.6,-47650
247.65,-47675
247.7,-47714
247.75,-47754
247.8,-47783
247.85,-47814
247.9,-47851
247.95,-47892
248.0,-47932
248.05,-47976
248.1,-48016
248.15,-48053
248.2,-48094
248.25,-48132
248.3,-48173
248.35,-48222
248.4,-48270
248.45,-48309
248.5,-48346
248.55,-48395
248.6,-48445
248.65,-48494
248.7,-48547
248.75,-48599
248.8,-48654
248.85,-48711
248.9,-48764
248.95,-48820
249.0,-48878
249.05,-48934
249.1,-48993
249.15,-49055
249.2,-49119
249.25,-49182
249.3,-49246
249.35,-49313
249.4,-49370
249.45,-49423
249.5,-49476
249.55,-49524
249.6,-49576
249.65,-49629
249.7,-49678
249.75,-49723
249.8,-49761
249.85,-49795
249.9,-49823
249.95,-49849
250.0,-49869
250.05,-49881
250.1,-49894
250.15,-49900
250.2,-49895
250.25,-49896
250.3,-49895
250.35,-49880
250.4,-49866
250.45,-49860
250.5,-49849
250.55,-49828
250.6,-49804
250.65,-49778
250.7,-49746
250.75,-49707
250.8,-49674
250.85,-49643
250.9,-49602
250.95,-49553
251.0,-49511
251.05,-49465
251.1,-49402
251.15,-49346
251.2,-49298
251.25,-49236
251.3,-49175
251.35,-49124
251.4,-49068
251.45,-49002
251.5,-48937
251.55,-48875
251.6,-48809
251.65,-48742
251.7,-48680
251.75,-48618
251.8,-48552
251.85,-48495
251.9,-48440
251.95,-48380
252.0,-48326
252.05,-48278
252.1,-48226
252.15,-48174
252.2,-48136
252.25,-48103
252.3,-48060
252.35,-48017
252.4,-47981
252.45,-47952
252.5,-47913
252.55,-47868
252.6,-47838
252.65,-47820
252.7,-47797
252.75,-47766
252.8,-47743
252.85,-47737
252.9,-47731
252.95,-47703
253.0,-47680
253.05,-47679
253.1,-47675
253.15,-47658
253.2,-47644
253.25,-47652
253.3,-47663
253.35,-47653
253.4,-47647
253.45,-47667
253.5,-47687
253.55,-47702
253.6,-47719
253.65,-47741
253.7,-47778
253.75,-47812
253.8,-47841
253.85,-47882
253.9,-47936
253.95,-47990
254.0,-48042
254.05,-48099
254.1,-48166
254.15,-48244
254.2,-48324
254.25,-48401
254.3,-48479
254.35,-48565
254.4,-48660
254.45,-48754
254.5,-48850
254.55,-48945
254.6,-49051
254.65,-49156
254.7,-49253
254.75,-49350
254.8,-49456
254.85,-49577
254.9,-49687
254.95,-49776
255.0,-49863
255.05,-49954
255.1,-50041
255.15,-50112
255.2,-50179
255.25,-50249
255.3,-50315
255.35,-50375
255.4,-50426
255.45,-50470
255.5,-50511
255.55,-50546
255.6,-50564
255.65,-50577
255.7,-50586
255.75,-50583
255.8,-50570
255.85,-50554
255.9,-50537
255.95,-50501
256.0,-50457
256.05,-50414
256.1,-50364
256.15,-50310
256.2,-50255
256.25,-50197
256.3,-50124
256.35,-50042
256.4,-49969
256.45,-49888
256.5,-49801
256.55,-49711
256.6,-49620
256.65,-49533
256.7,-49433
256.75,-49329
256.8,-49222
256.85,-49120
256.9,-49028
256.95,-48921
257.0,-48811
257.05,-48710
257.1,-48615
257.15,-48524
257.2,-48424
257.25,-48332
257.3,-48253
257.35,-48167
257.4,-48081
257.45,-48002
257.5,-47935
257.55,-47875
257.6,-47809
257.65,-47743
257.7,-47678
257.75,-47616
257.8,-47569
257.85,-47532
257.9,-47490
257.95,-47450
258.0,-47419
258.05,-47392
258.1,-47376
258.15,-47370
258.2,-47358
258.25,-47354
258.3,-47365
258.35,-47381
258.4,-47391
258.45,-47401
258.5,-47427
258.55,-47462
258.6,-47488
258.65,-47517
258.7,-47556
258.75,-47596
258.8,-47638
258.85,-47678
258.9,-47717
258.95,-47761
259.0,-47803
259.05,-47846
259.1,-47890
259.15,-47932
259.2,-47983
259.25,-48038
259.3,-48088
259.35,-48138
259.4,-48187
259.45,-48237
259.5,-48287
259.55,-48332
259.6,-48378
259.65,-48434
259.7,-48481
259.75,-48525
259.8,-48563
259.85,-48600
259.9,-48651
259.95,-48703
260.0,-48758
260.05,-48808
260.1,-48851
260.15,-48893
260.2,-48944
260.25,-48999
260.3,-49045
260.35,-49091
260.4,-49139
260.45,-49185
260.5,-49225
260.55,-49265
260.6,-49321
260.65,-49376
260.7,-49415
260.75,-49455
260.8,-49498
260.85,-49545
260.9,-49592
260.95,-49636
261.0,-49679
261.05,-49714
261.1,-49750
261.15,-49791
261.2,-49836
261.25,-49878
261.3,-49913
261.35,-49942
261.4,-49972
261.45,-50003
261.5,-50034
261.55,-50066
261.6,-50096
261.65,-50112
261.7,-50120
261.75,-50125
261.8,-50129
261.85,-50137
261.9,-50134
261.95,-50120
262.0,-50106
262.05,-50092
262.1,-50071
262.15,-50038
262.2,-50013
262.25,-49983
262.3,-49942
262.35,-49903
262.4,-49860
262.45,-49808
262.5,-49752
262.55,-49702
262.6,-49650
262.65,-49587
262.7,-49522
262.75,-49450
262.8,-49383
262.85,-49318
262.9,-49246
262.95,-49176
263.0,-49103
263.05,-49026
263.1,-48959
263.15,-48890
263.2,-48820
263.25,-48755
263.3,-48682
263.35,-48610
263.4,-48552
263.45,-48491
263.5,-48428
263.55,-48367
263.6,-48310
263.65,-48257
263.7,-48201
263.75,-48142
263.8,-48088
263.85,-48043
263.9,-47996
263.95,-47934
264.0,-47881
264.05,-47844
264.1,-47807
264.15,-47766
264.2,-47729
264.25,-47696
264.3,-47658
264.35,-47624
264.4,-47592
264.45,-47556
264.5,-47526
264.55,-47493
264.6,-47464
264.65,-47443
264.7,-47422
264.75,-47398
264.8,-47372
264.85,-47349
264.9,-47331
264.95,-47316
265.0,-47309
265.05,-47305
265.1,-47305
265.15,-47306
265.2,-47309
265.25,-47316
265.3,-47326
265.35,-47337
265.4,-47353
265.45,-47375
265.5,-47400
265.55,-47428
265.6,-47459
265.65,-47498
265.7,-47536
265.75,-47574
265.8,-47619
265.85,-47666
265.9,-47715
265.95,-47773
266.0,-47836
266.05,-47894
266.1,-47954
266.15,-48021
266.2,-48094
266.25,-48169
266.3,-48244
266.35,-48319
266.4,-48389
266.45,-48463
266.5,-48540
266.55,-48617
266.6,-48701
266.65,-48791
266.7,-48881
266.75,-48962
266.8,-49039
266.85,-49119
266.9,-49199
266.95,-49280
267.0,-49360
267.05,-49428
267.1,-49494
267.15,-49563
267.2,-49628
267.25,-49690
267.3,-49752
267.35,-49808
267.4,-49855
267.45,-49895
267.5,-49937
267.55,-49979
267.6,-50020
267.65,-50047
267.7,-50062
267.75,-50082
267.8,-50100
267.85,-50105
267.9,-50105
267.95,-50111
268.0,-50113
268.05,-50104
268.1,-50097
268.15,-50091
268.2,-50079
268.25,-50058
268.3,-50033
268.35,-50017
268.4,-50001
268.45,-49977
268.5,-49954
268.55,-49934
268.6,-49912
268.65,-49894
268.7,-49870
268.75,-49844
268.8,-49826
268.85,-49808
268.9,-49787
268.95,-49768
269.0,-49748
269.05,-49736
269.1,-49729
269.15,-49719
269.2,-49710
269.25,-49703
269.3,-49692
269.35,-49677
269.4,-49661
269.45,-49646
269.5,-49634
269.55,-49622
269.6,-49599
269.65,-49574
269.7,-49551
269.75,-49523
269.8,-49491
269.85,-49456
269.9,-49421
269.95,-49381
270.0,-49335
270.05,-49288
270.1,-49237
270.15,-49189
270.2,-49127
270.25,-49046
270.3,-48977
270.35,-48914
270.4,-48837
270.45,-48757
270.5,-48675
270.55,-48591
270.6,-48505
270.65,-48419
270.7,-48332
270.75,-48248
270.8,-48163
270.85,-48072
270.9,-47983
270.95,-47900
271.0,-47825
271.05,-47750
271.1,-47671
271.15,-47596
271.2,-47532
271.25,-47470
271.3,-47411
271.35,-47368
271.4,-47330
271.45,-47288
271.5,-47251
271.55,-47226
271.6,-47214
271.65,-47208
271.7,-47199
271.75,-47199
271.8,-47214
271.85,-47239
271.9,-47266
271.95,-47290
272.0,-47321
272.05,-47354
272.1,-47384
272.15,-47423
272.2,-47472
272.25,-47529
272.3,-47593
272.35,-47655
272.4,-47710
272.45,-47776
272.5,-47854
272.55,-47923
272.6,-47989
272.65,-48056
272.7,-48121
272.75,-48188
272.8,-48246
272.85,-48308
272.9,-48378
272.95,-48440
273.0,-48501
273.05,-48570
273.1,-48639
273.15,-48703
273.2,-48766
273.25,-48826
273.3,-48887
273.35,-48947
273.4,-49011
273.45,-49066
273.5,-49112
273.55,-49169
273.6,-49222
273.65,-49266
273.7,-49309
273.75,-49350
273.8,-49388
273.85,-49429
273.9,-49474
273.95,-49511
274.0,-49537
274.05,-49556
274.1,-49567
274.15,-49584
274.2,-49608
274.25,-49626
274.3,-49637
274.35,-49645
274.4,-49653
274.45,-49660
274.5,-49664
274.55,-49663
274.6,-49659
274.65,-49655
274.7,-49650
274.75,-49639
274.8,-49623
274.85,-49601
274.9,-49575
274.95,-49551
275.0,-49522
275.05,-49492
275.1,-49466
275.15,-49433
275.2,-49393
275.25,-49351
275.3,-49314
275.35,-49282
275.4,-49250
275.45,-49220
275.5,-49191
275.55,-49163
275.6,-49146
275.65,-49130
275.7,-49114
275.75,-49107
275.8,-49102
275.85,-49091
275.9,-49076
275.95,-49076
276.0,-49084
276.05,-49092
276.1,-49092
276.15,-49090
276.2,-49098
276.25,-49101
276.3,-49104
276.35,-49113
276.4,-49119
276.45,-49121
276.5,-49123
276.55,-49128
276.6,-49122
276.65,-49122
276.7,-49128
276.75,-49117
276.8,-49111
276.85,-49111
276.9,-49103
276.95,-49093
277.0,-49090
277.05,-49086
277.1,-49073
277.15,-49059
277.2,-49041
277.25,-49011
277.3,-48990
277.35,-48970
277.4,-48938
277.45,-48915
277.5,-48882
277.55,-48844
277.6,-48809
277.65,-48764
277.7,-48725
277.75,-48688
277.8,-48651
277.85,-48611
277.9,-48557
277.95,-48508
278.0,-48461
278.05,-48410
278.1,-48361
278.15,-48311
278.2,-48257
278.25,-48207
278.3,-48158
278.35,-48109
278.4,-48063
278.45,-48017
278.5,-47978
278.55,-47941
278.6,-47905
278.65,-47868
278.7,-47837
278.75,-47815
278.8,-47794
278.85,-47776
278.9,-47764
278.95,-47755
279.0,-47757
279.05,-47762
279.1,-47767
279.15,-47782
279.2,-47805
279.25,-47835
279.3,-47860
279.35,-47881
279.4,-47910
279.45,-47946
279.5,-47988
279.55,-48031
279.6,-48081
279.65,-48127
279.7,-48163
279.75,-48200
279.8,-48244
279.85,-48291
279.9,-48338
279.95,-48390
280.0,-48437
280.05,-48478
280.1,-48523
280.15,-48565
280.2,-48602
280.25,-48647
280.3,-48688
280.35,-48723
280.4,-48761
280.45,-48800
280.5,-48832
280.55,-48859
280.6,-48899
280.65,-48935
280.7,-48961
280.75,-48985
280.8,-49008
280.85,-49039
280.9,-49068
280.95,-49088
281.0,-49103
281.05,-49125
281.1,-49148
281.15,-49163
281.2,-49178
281.25,-49196
281.3,-49214
281.35,-49227
281.4,-49233
281.45,-49245
281.5,-49260
281.55,-49272
281.6,-49283
281.65,-49288
281.7,-49285
281.75,-49290
281.8,-49294
281.85,-49296
281.9,-49300
281.95,-49302
282.0,-49297
282.05,-49290
282.1,-49287
282.15,-49277
282.2,-49266
282.25,-49252
282.3,-49239
282.35,-49224
282.4,-49204
282.45,-49190
282.5,-49178
282.55,-49162
282.6,-49135
282.65,-49112
282.7,-49090
282.75,-49064
282.8,-49037
282.85,-49001
282.9,-48969
282.95,-48943
283.0,-48912
283.05,-48876
283.1,-48837
283.15,-48797
283.2,-48763
283.25,-48732
283.3,-48695
283.35,-48660
283.4,-48621
283.45,-48581
283.5,-48549
283.55,-48520
283.6,-48486
283.65,-48448
283.7,-48420
283.75,-48402
283.8,-48384
283.85,-48371
283.9,-48364
283.95,-48356
284.0,-48352
284.05,-48357
284.1,-48364
284.15,-48383
284.2,-48403
284.25,-48420
284.3,-48447
284.35,-48478
284.4,-48511
284.45,-48550
284.5,-48595
284.55,-48632
284.6,-48668
284.65,-48720
284.7,-48781
284.75,-48841
284.8,-48901
284.85,-48955
284.9,-49013
284.95,-49078
285.0,-49138
285.05,-49197
285.1,-49248
285.15,-49295
285.2,-49350
285.25,-49394
285.3,-49425
285.35,-49460
285.4,-49498
285.45,-49522
285.5,-49533
285.55,-49550
285.6,-49568
285.65,-49579
285.7,-49580
285.75,-49570
285.8,-49558
285.85,-49549
285.9,-49535
285.95,-49506
286.0,-49479
286.05,-49453
286.1,-49416
286.15,-49374
286.2,-49330
286.25,-49287
286.3,-49239
286.35,-49194
286.4,-49145
286.45,-49091
286.5,-49047
286.55,-48996
286.6,-48937
286.65,-48889
286.7,-48832
286.75,-48769
286.8,-48717
286.85,-48670
286.9,-48617
286.95,-48568
287.0,-48525
287.05,-48485
287.1,-48454
287.15,-48425
287.2,-48394
287.25,-48368
287.3,-48345
287.35,-48319
287.4,-48293
287.45,-48284
287.5,-48282
287.55,-48272
287.6,-48259
287.65,-48247
287.7,-48240
287.75,-48238
287.8,-48235
287.85,-48233
287.9,-48233
287.95,-48238
288.0,-48245
288.05,-48252
288.1,-48258
288.15,-48263
288.2,-48275
288.25,-48293
288.3,-48314
288.35,-48335
288.4,-48348
288.45,-48361
288.5,-48385
288.55,-48410
288.6,-48433
288.65,-48451
288.7,-48475
288.75,-48510
288.8,-48539
288.85,-48565
288.9,-48588
288.95,-48615
289.0,-48645
289.05,-48668
289.1,-48688
289.15,-48706
289.2,-48724
289.25,-48742
289.3,-48765
289.35,-48782
289.4,-48790
289.45,-48807
289.5,-48822
289.55,-48827
289.6,-48838
289.65,-48854
289.7,-48865
289.75,-48868
289.8,-48872
289.85,-48873
289.9,-48863
289.95,-48855
290.0,-48853
290.05,-48849
290.1,-48840
290.15,-48822
290.2,-48796
290.25,-48783
290.3,-48770
290.35,-48744
290.4,-48719
290.45,-48690
290.5,-48658
290.55,-48630
290.6,-48598
290.65,-48559
290.7,-48522
290.75,-48489
290.8,-48452
290.85,-48411
290.9,-48374
290.95,-48340
291.0,-48306
291.05,-48285
291.1,-48267
291.15,-48239
291.2,-48211
291.25,-48193
291.3,-48179
291.35,-48167
291.4,-48161
291.45,-48153
291.5,-48153
291.55,-48154
291.6,-48151
291.65,-48165
291.7,-48193
291.75,-48220
291.8,-48244
291.85,-48266
291.9,-48299
291.95,-48338
292.0,-48371
292.05,-48401
292.1,-48442
292.15,-48488
292.2,-48529
292.25,-48571
292.3,-48619
292.35,-48675
292.4,-48729
292.45,-48780
292.5,-48832
292.55,-48889
292.6,-48955
292.65,-49015
292.7,-49080
292.75,-49155
292.8,-49225
292.85,-49293
292.9,-49360
292.95,-49430
293.0,-49502
293.05,-49581
293.1,-49669
293.15,-49748
293.2,-49822
293.25,-49893
293.3,-49958
293.35,-50023
293.4,-50088
293.45,-50153
293.5,-50215
293.55,-50273
293.6,-50321
293.65,-50360
293.7,-50400
293.75,-50443
293.8,-50481
293.85,-50513
293.9,-50538
293.95,-50555
294.0,-50571
294.05,-50575
294.1,-50572
294.15,-50568
294.2,-50565
294.25,-50556
294.3,-50529
294.35,-50494
294.4,-50455
294.45,-50409
294.5,-50359
294.55,-50302
294.6,-50243
294.65,-50174
294.7,-50094
294.75,-50012
294.8,-49921
294.85,-49827
294.9,-49732
294.95,-49630
295.0,-49519
295.05,-49402
295.1,-49288
295.15,-49172
295.2,-49044
295.25,-48912
295.3,-48778
295.35,-48646
295.4,-48514
295.45,-48378
295.5,-48239
295.55,-48093
295.6,-47952
295.65,-47815
295.7,-47684
295.75,-47551
295.8,-47418
295.85,-47294
295.9,-47178
295.95,-47055
296.0,-46929
296.05,-46816
296.1,-46712
296.15,-46609
296.2,-46511
296.25,-46421
296.3,-46336
296.35,-46263
296.4,-46198
296.45,-46135
296.5,-46077
296.55,-46024
296.6,-45976
296.65,-45952
296.7,-45934
296.75,-45911
296.8,-45900
296.85,-45891
296.9,-45894
296.95,-45908
297.0,-45924
297.05,-45954
297.1,-45992
297.15,-46035
297.2,-46085
297.25,-46146
297.3,-46219
297.35,-46304
297.4,-46393
297.45,-46474
297.5,-46562
297.55,-46672
297.6,-46791
297.65,-46918
297.7,-47049
297.75,-47181
297.8,-47324
297.85,-47465
297.9,-47620
297.95,-47784
298.0,-47949
298.05,-48119
298.1,-48287
298.15,-48455
298.2,-48624
298.25,-48799
298.3,-48978
298.35,-49156
298.4,-49332
298.45,-49509
298.5,-49690
298.55,-49857
298.6,-50017
298.65,-50183
298.7,-50344
298.75,-50491
298.8,-50629
298.85,-50767
298.9,-50906
298.95,-51039
299.0,-51158
299.05,-51272
299.1,-51382
299.15,-51487
299.2,-51580
299.25,-51660
299.3,-51734
299.35,-51802
299.4,-51859
299.45,-51904
299.5,-51943
299.55,-51973
299.6,-51995
299.65,-52013
299.7,-52016
299.75,-52010
299.8,-51995
299.85,-51972
299.9,-51941
299.95,-51902
